customer_id,first_name,last_name,email,city,country,signup_date
1,Karan,Verma,karan.verma1@mail.com,Pune,India,2022-01-26
2,Neha,Roy,neha.roy2@mail.com,Mumbai,India,2022-05-23
3,Karan,Iyer,karan.iyer3@mail.com,Hyderabad,India,2022-03-31
4,Amit,Sharma,amit.sharma4@mail.com,Kolkata,India,2022-04-06
5,Neha,Iyer,neha.iyer5@mail.com,Delhi,India,2023-09-09
6,Arjun,Roy,arjun.roy6@mail.com,Hyderabad,India,2024-01-04
7,Neha,Nair,neha.nair7@mail.com,Pune,India,2023-08-27
8,Amit,Gupta,amit.gupta8@mail.com,Hyderabad,India,2023-12-16
9,Anjali,Mehta,anjali.mehta9@mail.com,Kolkata,India,2022-06-09
10,Anjali,Verma,anjali.verma10@mail.com,Hyderabad,India,2022-04-05
11,Rahul,Kapoor,rahul.kapoor11@mail.com,Chennai,India,2024-05-17
12,Pooja,Mehta,pooja.mehta12@mail.com,Delhi,India,2024-04-06
13,Isha,Nair,isha.nair13@mail.com,Mumbai,India,2023-07-04
14,Vikram,Verma,vikram.verma14@mail.com,Pune,India,2023-07-20
15,Karan,Reddy,karan.reddy15@mail.com,Chennai,India,2024-06-01
16,Pooja,Roy,pooja.roy16@mail.com,Mumbai,India,2023-12-23
17,Amit,Roy,amit.roy17@mail.com,Pune,India,2024-03-02
18,Rahul,Roy,rahul.roy18@mail.com,Mumbai,India,2024-06-06
19,Vikram,Mehta,vikram.mehta19@mail.com,Chennai,India,2023-04-10
20,Priya,Kapoor,priya.kapoor20@mail.com,Kolkata,India,2022-12-30
21,Karan,Mehta,karan.mehta21@mail.com,Mumbai,India,2023-12-20
22,Pooja,Gupta,pooja.gupta22@mail.com,Kolkata,India,2023-07-01
23,Priya,Nair,priya.nair23@mail.com,Pune,India,2023-01-24
24,Karan,Iyer,karan.iyer24@mail.com,Chennai,India,2022-08-13
25,Amit,Roy,amit.roy25@mail.com,Delhi,India,2024-04-21
26,Anjali,Das,anjali.das26@mail.com,Mumbai,India,2022-10-02
27,Neha,Reddy,neha.reddy27@mail.com,Chennai,India,2024-06-16
28,Neha,Nair,neha.nair28@mail.com,Ahmedabad,India,2023-02-10
29,Priya,Mehta,priya.mehta29@mail.com,Kolkata,India,2022-05-23
30,Isha,Iyer,isha.iyer30@mail.com,Pune,India,2023-07-06
31,Isha,Reddy,isha.reddy31@mail.com,Hyderabad,India,2023-03-15
32,Anjali,Roy,anjali.roy32@mail.com,Ahmedabad,India,2022-05-22
33,Rahul,Sharma,rahul.sharma33@mail.com,Mumbai,India,2024-05-31
34,Priya,Gupta,priya.gupta34@mail.com,Hyderabad,India,2024-03-22
35,Pooja,Verma,pooja.verma35@mail.com,Hyderabad,India,2023-01-30
36,Pooja,Nair,pooja.nair36@mail.com,Pune,India,2023-06-26
37,Arjun,Sharma,arjun.sharma37@mail.com,Mumbai,India,2023-11-28
38,Karan,Iyer,karan.iyer38@mail.com,Pune,India,2024-02-08
39,Karan,Kapoor,karan.kapoor39@mail.com,Pune,India,2022-04-25
40,Vikram,Gupta,vikram.gupta40@mail.com,Delhi,India,2023-04-10
41,Isha,Mehta,isha.mehta41@mail.com,Bangalore,India,2023-05-28
42,Arjun,Verma,arjun.verma42@mail.com,Pune,India,2024-06-10
43,Karan,Iyer,karan.iyer43@mail.com,Kolkata,India,2023-09-16
44,Priya,Kapoor,priya.kapoor44@mail.com,Bangalore,India,2024-02-20
45,Arjun,Iyer,arjun.iyer45@mail.com,Chennai,India,2022-01-01
46,Sneha,Sharma,sneha.sharma46@mail.com,Chennai,India,2022-04-25
47,Rohan,Roy,rohan.roy47@mail.com,Kolkata,India,2022-03-01
48,Pooja,Verma,pooja.verma48@mail.com,Ahmedabad,India,2022-03-29
49,Rahul,Iyer,rahul.iyer49@mail.com,Bangalore,India,2024-02-24
50,Priya,Nair,priya.nair50@mail.com,Bangalore,India,2023-07-17
51,Rohan,Iyer,rohan.iyer51@mail.com,Hyderabad,India,2024-06-12
52,Neha,Iyer,neha.iyer52@mail.com,Kolkata,India,2024-02-13
53,Isha,Mehta,isha.mehta53@mail.com,Chennai,India,2023-02-13
54,Sneha,Iyer,sneha.iyer54@mail.com,Mumbai,India,2023-04-08
55,Neha,Roy,neha.roy55@mail.com,Chennai,India,2022-03-07
56,Amit,Reddy,amit.reddy56@mail.com,Kolkata,India,2023-07-22
57,Pooja,Roy,pooja.roy57@mail.com,Mumbai,India,2022-01-08
58,Isha,Sharma,isha.sharma58@mail.com,Mumbai,India,2022-08-23
59,Amit,Kapoor,amit.kapoor59@mail.com,Kolkata,India,2022-03-14
60,Rohan,Nair,rohan.nair60@mail.com,Bangalore,India,2022-08-08
61,Isha,Reddy,isha.reddy61@mail.com,Ahmedabad,India,2023-08-14
62,Neha,Nair,neha.nair62@mail.com,Hyderabad,India,2024-04-06
63,Neha,Verma,neha.verma63@mail.com,Hyderabad,India,2022-04-10
64,Anjali,Das,anjali.das64@mail.com,Ahmedabad,India,2023-02-25
65,Isha,Sharma,isha.sharma65@mail.com,Mumbai,India,2023-11-21
66,Amit,Das,amit.das66@mail.com,Chennai,India,2024-01-16
67,Rahul,Roy,rahul.roy67@mail.com,Kolkata,India,2022-07-16
68,Arjun,Nair,arjun.nair68@mail.com,Hyderabad,India,2022-05-24
69,Priya,Mehta,priya.mehta69@mail.com,Kolkata,India,2023-04-19
70,Rahul,Nair,rahul.nair70@mail.com,Mumbai,India,2024-04-07
71,Amit,Iyer,amit.iyer71@mail.com,Delhi,India,2024-05-06
72,Rahul,Roy,rahul.roy72@mail.com,Hyderabad,India,2022-06-20
73,Sneha,Nair,sneha.nair73@mail.com,Hyderabad,India,2022-08-07
74,Amit,Gupta,amit.gupta74@mail.com,Delhi,India,2023-01-24
75,Vikram,Mehta,vikram.mehta75@mail.com,Ahmedabad,India,2024-03-13
76,Rohan,Das,rohan.das76@mail.com,Ahmedabad,India,2023-12-15
77,Priya,Roy,priya.roy77@mail.com,Kolkata,India,2022-10-31
78,Amit,Reddy,amit.reddy78@mail.com,Delhi,India,2024-01-24
79,Isha,Kapoor,isha.kapoor79@mail.com,Delhi,India,2022-02-28
80,Pooja,Nair,pooja.nair80@mail.com,Bangalore,India,2023-05-30
81,Amit,Iyer,amit.iyer81@mail.com,Bangalore,India,2022-03-24
82,Rahul,Reddy,rahul.reddy82@mail.com,Kolkata,India,2022-03-11
83,Vikram,Verma,vikram.verma83@mail.com,Kolkata,India,2023-08-07
84,Pooja,Reddy,pooja.reddy84@mail.com,Mumbai,India,2022-02-10
85,Vikram,Reddy,vikram.reddy85@mail.com,Chennai,India,2023-08-02
86,Rohan,Roy,rohan.roy86@mail.com,Chennai,India,2023-11-17
87,Neha,Mehta,neha.mehta87@mail.com,Bangalore,India,2023-02-10
88,Karan,Mehta,karan.mehta88@mail.com,Chennai,India,2023-04-14
89,Rahul,Sharma,rahul.sharma89@mail.com,Mumbai,India,2023-04-15
90,Rahul,Iyer,rahul.iyer90@mail.com,Pune,India,2022-08-07
91,Priya,Kapoor,priya.kapoor91@mail.com,Kolkata,India,2022-03-12
92,Anjali,Mehta,anjali.mehta92@mail.com,Ahmedabad,India,2022-06-11
93,Arjun,Mehta,arjun.mehta93@mail.com,Delhi,India,2023-09-19
94,Karan,Iyer,karan.iyer94@mail.com,Mumbai,India,2022-11-03
95,Priya,Mehta,priya.mehta95@mail.com,Mumbai,India,2022-04-29
96,Isha,Iyer,isha.iyer96@mail.com,Pune,India,2022-06-09
97,Rohan,Reddy,rohan.reddy97@mail.com,Chennai,India,2022-08-04
98,Neha,Mehta,neha.mehta98@mail.com,Ahmedabad,India,2023-06-02
99,Rohan,Sharma,rohan.sharma99@mail.com,Hyderabad,India,2022-04-05
100,Rohan,Sharma,rohan.sharma100@mail.com,Chennai,India,2022-01-04
101,Priya,Mehta,priya.mehta101@mail.com,Ahmedabad,India,2022-06-15
102,Arjun,Das,arjun.das102@mail.com,Delhi,India,2023-07-29
103,Rahul,Verma,rahul.verma103@mail.com,Bangalore,India,2023-12-09
104,Arjun,Sharma,arjun.sharma104@mail.com,Chennai,India,2024-05-04
105,Pooja,Iyer,pooja.iyer105@mail.com,Hyderabad,India,2022-06-01
106,Priya,Sharma,priya.sharma106@mail.com,Chennai,India,2022-11-12
107,Amit,Kapoor,amit.kapoor107@mail.com,Kolkata,India,2022-08-04
108,Karan,Verma,karan.verma108@mail.com,Hyderabad,India,2022-12-29
109,Pooja,Gupta,pooja.gupta109@mail.com,Bangalore,India,2022-08-31
110,Priya,Das,priya.das110@mail.com,Bangalore,India,2022-01-26
111,Isha,Kapoor,isha.kapoor111@mail.com,Hyderabad,India,2024-03-12
112,Karan,Roy,karan.roy112@mail.com,Bangalore,India,2022-10-01
113,Isha,Verma,isha.verma113@mail.com,Delhi,India,2023-01-27
114,Sneha,Roy,sneha.roy114@mail.com,Ahmedabad,India,2022-07-24
115,Anjali,Mehta,anjali.mehta115@mail.com,Kolkata,India,2024-04-20
116,Neha,Sharma,neha.sharma116@mail.com,Kolkata,India,2023-11-07
117,Vikram,Kapoor,vikram.kapoor117@mail.com,Mumbai,India,2022-10-13
118,Rohan,Kapoor,rohan.kapoor118@mail.com,Hyderabad,India,2023-10-19
119,Karan,Iyer,karan.iyer119@mail.com,Delhi,India,2022-12-06
120,Rahul,Mehta,rahul.mehta120@mail.com,Pune,India,2022-07-02
121,Amit,Verma,amit.verma121@mail.com,Hyderabad,India,2023-09-03
122,Anjali,Kapoor,anjali.kapoor122@mail.com,Mumbai,India,2023-03-23
123,Vikram,Reddy,vikram.reddy123@mail.com,Pune,India,2022-07-14
124,Amit,Das,amit.das124@mail.com,Kolkata,India,2022-01-02
125,Anjali,Das,anjali.das125@mail.com,Chennai,India,2022-03-13
126,Pooja,Kapoor,pooja.kapoor126@mail.com,Mumbai,India,2023-11-11
127,Isha,Mehta,isha.mehta127@mail.com,Pune,India,2023-06-04
128,Karan,Das,karan.das128@mail.com,Hyderabad,India,2022-12-01
129,Isha,Mehta,isha.mehta129@mail.com,Bangalore,India,2023-07-22
130,Neha,Das,neha.das130@mail.com,Hyderabad,India,2023-11-12
131,Karan,Gupta,karan.gupta131@mail.com,Pune,India,2023-09-23
132,Vikram,Iyer,vikram.iyer132@mail.com,Delhi,India,2024-05-03
133,Rohan,Mehta,rohan.mehta133@mail.com,Hyderabad,India,2022-08-04
134,Pooja,Reddy,pooja.reddy134@mail.com,Chennai,India,2023-11-02
135,Sneha,Nair,sneha.nair135@mail.com,Kolkata,India,2023-03-29
136,Arjun,Nair,arjun.nair136@mail.com,Bangalore,India,2024-03-23
137,Karan,Verma,karan.verma137@mail.com,Chennai,India,2022-10-18
138,Rahul,Roy,rahul.roy138@mail.com,Pune,India,2023-11-20
139,Neha,Roy,neha.roy139@mail.com,Delhi,India,2022-05-31
140,Amit,Roy,amit.roy140@mail.com,Mumbai,India,2023-05-02
141,Sneha,Das,sneha.das141@mail.com,Kolkata,India,2023-10-07
142,Isha,Das,isha.das142@mail.com,Hyderabad,India,2023-05-22
143,Neha,Gupta,neha.gupta143@mail.com,Delhi,India,2023-11-03
144,Rahul,Das,rahul.das144@mail.com,Bangalore,India,2022-08-13
145,Isha,Iyer,isha.iyer145@mail.com,Delhi,India,2023-04-21
146,Arjun,Roy,arjun.roy146@mail.com,Mumbai,India,2024-05-18
147,Sneha,Gupta,sneha.gupta147@mail.com,Ahmedabad,India,2024-03-31
148,Karan,Iyer,karan.iyer148@mail.com,Chennai,India,2023-07-27
149,Sneha,Reddy,sneha.reddy149@mail.com,Hyderabad,India,2024-04-14
150,Arjun,Nair,arjun.nair150@mail.com,Ahmedabad,India,2022-06-12
151,Sneha,Mehta,sneha.mehta151@mail.com,Kolkata,India,2024-02-09
152,Karan,Mehta,karan.mehta152@mail.com,Ahmedabad,India,2024-02-24
153,Karan,Roy,karan.roy153@mail.com,Ahmedabad,India,2022-10-09
154,Rahul,Mehta,rahul.mehta154@mail.com,Pune,India,2022-08-29
155,Anjali,Kapoor,anjali.kapoor155@mail.com,Mumbai,India,2023-07-08
156,Priya,Gupta,priya.gupta156@mail.com,Hyderabad,India,2022-08-25
157,Isha,Gupta,isha.gupta157@mail.com,Kolkata,India,2023-12-25
158,Rahul,Das,rahul.das158@mail.com,Chennai,India,2023-02-22
159,Arjun,Nair,arjun.nair159@mail.com,Delhi,India,2023-03-02
160,Neha,Das,neha.das160@mail.com,Delhi,India,2023-02-03
161,Pooja,Das,pooja.das161@mail.com,Delhi,India,2023-05-04
162,Anjali,Mehta,anjali.mehta162@mail.com,Hyderabad,India,2024-02-11
163,Vikram,Iyer,vikram.iyer163@mail.com,Kolkata,India,2024-02-05
164,Sneha,Roy,sneha.roy164@mail.com,Hyderabad,India,2022-10-07
165,Sneha,Sharma,sneha.sharma165@mail.com,Chennai,India,2023-02-03
166,Karan,Das,karan.das166@mail.com,Bangalore,India,2024-01-12
167,Sneha,Gupta,sneha.gupta167@mail.com,Delhi,India,2023-09-30
168,Vikram,Reddy,vikram.reddy168@mail.com,Delhi,India,2023-08-01
169,Rahul,Das,rahul.das169@mail.com,Ahmedabad,India,2022-05-19
170,Priya,Sharma,priya.sharma170@mail.com,Hyderabad,India,2022-09-24
171,Anjali,Roy,anjali.roy171@mail.com,Chennai,India,2023-04-11
172,Anjali,Das,anjali.das172@mail.com,Hyderabad,India,2022-10-12
173,Rohan,Verma,rohan.verma173@mail.com,Delhi,India,2023-04-27
174,Isha,Iyer,isha.iyer174@mail.com,Chennai,India,2022-02-23
175,Neha,Verma,neha.verma175@mail.com,Delhi,India,2024-03-10
176,Amit,Roy,amit.roy176@mail.com,Delhi,India,2022-07-24
177,Pooja,Gupta,pooja.gupta177@mail.com,Bangalore,India,2022-09-02
178,Sneha,Verma,sneha.verma178@mail.com,Kolkata,India,2023-08-01
179,Sneha,Mehta,sneha.mehta179@mail.com,Chennai,India,2024-02-25
180,Priya,Reddy,priya.reddy180@mail.com,Mumbai,India,2023-09-14
181,Priya,Mehta,priya.mehta181@mail.com,Delhi,India,2022-04-21
182,Rohan,Reddy,rohan.reddy182@mail.com,Hyderabad,India,2023-11-25
183,Vikram,Roy,vikram.roy183@mail.com,Kolkata,India,2022-03-19
184,Rahul,Mehta,rahul.mehta184@mail.com,Mumbai,India,2024-05-20
185,Pooja,Sharma,pooja.sharma185@mail.com,Hyderabad,India,2022-12-22
186,Karan,Kapoor,karan.kapoor186@mail.com,Chennai,India,2022-03-12
187,Amit,Das,amit.das187@mail.com,Ahmedabad,India,2024-04-22
188,Rahul,Das,rahul.das188@mail.com,Ahmedabad,India,2023-01-06
189,Isha,Gupta,isha.gupta189@mail.com,Bangalore,India,2023-03-22
190,Isha,Iyer,isha.iyer190@mail.com,Pune,India,2023-10-29
191,Pooja,Iyer,pooja.iyer191@mail.com,Ahmedabad,India,2024-03-04
192,Sneha,Das,sneha.das192@mail.com,Pune,India,2024-04-25
193,Anjali,Roy,anjali.roy193@mail.com,Mumbai,India,2024-04-30
194,Rohan,Nair,rohan.nair194@mail.com,Ahmedabad,India,2022-09-07
195,Pooja,Reddy,pooja.reddy195@mail.com,Hyderabad,India,2023-11-16
196,Anjali,Sharma,anjali.sharma196@mail.com,Chennai,India,2023-05-22
197,Priya,Nair,priya.nair197@mail.com,Chennai,India,2022-08-06
198,Rohan,Kapoor,rohan.kapoor198@mail.com,Pune,India,2022-10-14
199,Arjun,Sharma,arjun.sharma199@mail.com,Kolkata,India,2023-06-14
200,Rahul,Roy,rahul.roy200@mail.com,Hyderabad,India,2024-01-08
201,Sneha,Iyer,sneha.iyer201@mail.com,Kolkata,India,2024-02-16
202,Isha,Nair,isha.nair202@mail.com,Ahmedabad,India,2023-10-24
203,Sneha,Sharma,sneha.sharma203@mail.com,Pune,India,2022-04-06
204,Neha,Das,neha.das204@mail.com,Kolkata,India,2023-12-10
205,Rohan,Reddy,rohan.reddy205@mail.com,Ahmedabad,India,2023-01-13
206,Arjun,Iyer,arjun.iyer206@mail.com,Hyderabad,India,2022-12-19
207,Isha,Iyer,isha.iyer207@mail.com,Chennai,India,2022-12-05
208,Isha,Nair,isha.nair208@mail.com,Pune,India,2022-10-05
209,Rohan,Roy,rohan.roy209@mail.com,Kolkata,India,2022-05-04
210,Anjali,Verma,anjali.verma210@mail.com,Bangalore,India,2024-01-31
211,Neha,Roy,neha.roy211@mail.com,Ahmedabad,India,2024-01-27
212,Rohan,Reddy,rohan.reddy212@mail.com,Pune,India,2024-02-18
213,Rahul,Roy,rahul.roy213@mail.com,Kolkata,India,2022-10-31
214,Anjali,Gupta,anjali.gupta214@mail.com,Delhi,India,2022-11-06
215,Isha,Iyer,isha.iyer215@mail.com,Pune,India,2022-05-10
216,Amit,Sharma,amit.sharma216@mail.com,Pune,India,2023-07-21
217,Isha,Gupta,isha.gupta217@mail.com,Ahmedabad,India,2023-10-16
218,Rahul,Sharma,rahul.sharma218@mail.com,Pune,India,2023-08-11
219,Sneha,Nair,sneha.nair219@mail.com,Chennai,India,2023-03-28
220,Priya,Sharma,priya.sharma220@mail.com,Ahmedabad,India,2022-09-16
221,Rahul,Verma,rahul.verma221@mail.com,Ahmedabad,India,2023-02-15
222,Rahul,Reddy,rahul.reddy222@mail.com,Delhi,India,2023-10-07
223,Priya,Gupta,priya.gupta223@mail.com,Pune,India,2024-04-10
224,Rahul,Roy,rahul.roy224@mail.com,Hyderabad,India,2022-05-02
225,Pooja,Reddy,pooja.reddy225@mail.com,Kolkata,India,2024-03-20
226,Arjun,Das,arjun.das226@mail.com,Ahmedabad,India,2023-04-07
227,Rohan,Reddy,rohan.reddy227@mail.com,Pune,India,2023-03-16
228,Pooja,Reddy,pooja.reddy228@mail.com,Mumbai,India,2022-03-03
229,Neha,Roy,neha.roy229@mail.com,Mumbai,India,2022-09-28
230,Priya,Roy,priya.roy230@mail.com,Mumbai,India,2022-06-27
231,Priya,Sharma,priya.sharma231@mail.com,Ahmedabad,India,2023-02-23
232,Isha,Reddy,isha.reddy232@mail.com,Pune,India,2023-04-27
233,Amit,Roy,amit.roy233@mail.com,Pune,India,2022-10-23
234,Isha,Nair,isha.nair234@mail.com,Kolkata,India,2022-03-14
235,Rohan,Reddy,rohan.reddy235@mail.com,Kolkata,India,2023-11-09
236,Vikram,Verma,vikram.verma236@mail.com,Kolkata,India,2023-07-12
237,Karan,Gupta,karan.gupta237@mail.com,Bangalore,India,2022-09-30
238,Rahul,Sharma,rahul.sharma238@mail.com,Pune,India,2022-06-19
239,Pooja,Reddy,pooja.reddy239@mail.com,Ahmedabad,India,2022-10-23
240,Rahul,Nair,rahul.nair240@mail.com,Pune,India,2023-12-07
241,Isha,Das,isha.das241@mail.com,Ahmedabad,India,2022-10-06
242,Sneha,Verma,sneha.verma242@mail.com,Delhi,India,2023-09-05
243,Vikram,Kapoor,vikram.kapoor243@mail.com,Pune,India,2023-09-11
244,Amit,Verma,amit.verma244@mail.com,Delhi,India,2022-08-23
245,Karan,Mehta,karan.mehta245@mail.com,Delhi,India,2023-08-14
246,Priya,Nair,priya.nair246@mail.com,Ahmedabad,India,2023-06-16
247,Rohan,Gupta,rohan.gupta247@mail.com,Hyderabad,India,2023-08-23
248,Karan,Nair,karan.nair248@mail.com,Ahmedabad,India,2022-04-04
249,Anjali,Das,anjali.das249@mail.com,Chennai,India,2022-12-08
250,Karan,Verma,karan.verma250@mail.com,Bangalore,India,2024-05-28
251,Anjali,Das,anjali.das251@mail.com,Ahmedabad,India,2023-12-12
252,Rohan,Das,rohan.das252@mail.com,Delhi,India,2024-04-13
253,Sneha,Verma,sneha.verma253@mail.com,Pune,India,2022-11-19
254,Anjali,Verma,anjali.verma254@mail.com,Hyderabad,India,2024-03-02
255,Arjun,Sharma,arjun.sharma255@mail.com,Ahmedabad,India,2023-11-05
256,Vikram,Sharma,vikram.sharma256@mail.com,Chennai,India,2022-07-12
257,Pooja,Nair,pooja.nair257@mail.com,Ahmedabad,India,2023-10-03
258,Amit,Roy,amit.roy258@mail.com,Bangalore,India,2022-10-01
259,Rohan,Nair,rohan.nair259@mail.com,Ahmedabad,India,2023-12-17
260,Rahul,Sharma,rahul.sharma260@mail.com,Kolkata,India,2023-10-08
261,Isha,Gupta,isha.gupta261@mail.com,Delhi,India,2022-11-15
262,Arjun,Das,arjun.das262@mail.com,Kolkata,India,2022-04-06
263,Rahul,Nair,rahul.nair263@mail.com,Bangalore,India,2022-05-01
264,Sneha,Mehta,sneha.mehta264@mail.com,Pune,India,2023-06-06
265,Vikram,Nair,vikram.nair265@mail.com,Kolkata,India,2023-04-29
266,Sneha,Iyer,sneha.iyer266@mail.com,Hyderabad,India,2022-05-29
267,Neha,Reddy,neha.reddy267@mail.com,Bangalore,India,2023-06-05
268,Rahul,Mehta,rahul.mehta268@mail.com,Hyderabad,India,2024-03-02
269,Anjali,Iyer,anjali.iyer269@mail.com,Delhi,India,2022-10-01
270,Rohan,Mehta,rohan.mehta270@mail.com,Ahmedabad,India,2024-05-07
271,Priya,Nair,priya.nair271@mail.com,Ahmedabad,India,2023-07-06
272,Anjali,Kapoor,anjali.kapoor272@mail.com,Hyderabad,India,2023-07-20
273,Sneha,Kapoor,sneha.kapoor273@mail.com,Kolkata,India,2024-06-09
274,Isha,Roy,isha.roy274@mail.com,Hyderabad,India,2023-08-09
275,Neha,Das,neha.das275@mail.com,Chennai,India,2022-02-14
276,Isha,Nair,isha.nair276@mail.com,Hyderabad,India,2023-12-24
277,Vikram,Gupta,vikram.gupta277@mail.com,Delhi,India,2023-05-23
278,Priya,Iyer,priya.iyer278@mail.com,Chennai,India,2023-08-28
279,Rahul,Nair,rahul.nair279@mail.com,Ahmedabad,India,2022-04-13
280,Amit,Gupta,amit.gupta280@mail.com,Bangalore,India,2023-02-24
281,Rahul,Nair,rahul.nair281@mail.com,Pune,India,2024-03-11
282,Anjali,Reddy,anjali.reddy282@mail.com,Hyderabad,India,2023-12-11
283,Karan,Verma,karan.verma283@mail.com,Chennai,India,2024-05-22
284,Karan,Iyer,karan.iyer284@mail.com,Chennai,India,2023-01-25
285,Karan,Nair,karan.nair285@mail.com,Delhi,India,2024-06-12
286,Pooja,Verma,pooja.verma286@mail.com,Pune,India,2022-08-29
287,Neha,Verma,neha.verma287@mail.com,Mumbai,India,2023-03-21
288,Karan,Verma,karan.verma288@mail.com,Bangalore,India,2023-03-31
289,Isha,Mehta,isha.mehta289@mail.com,Delhi,India,2022-01-30
290,Anjali,Sharma,anjali.sharma290@mail.com,Chennai,India,2022-10-28
291,Anjali,Das,anjali.das291@mail.com,Kolkata,India,2022-05-30
292,Arjun,Das,arjun.das292@mail.com,Bangalore,India,2023-08-03
293,Priya,Gupta,priya.gupta293@mail.com,Hyderabad,India,2022-03-22
294,Pooja,Roy,pooja.roy294@mail.com,Bangalore,India,2023-05-25
295,Neha,Nair,neha.nair295@mail.com,Pune,India,2023-10-16
296,Sneha,Mehta,sneha.mehta296@mail.com,Delhi,India,2023-11-14
297,Sneha,Mehta,sneha.mehta297@mail.com,Bangalore,India,2023-11-25
298,Rahul,Nair,rahul.nair298@mail.com,Pune,India,2022-12-20
299,Karan,Das,karan.das299@mail.com,Pune,India,2023-12-08
300,Sneha,Mehta,sneha.mehta300@mail.com,Hyderabad,India,2022-07-23
301,Sneha,Verma,sneha.verma301@mail.com,Hyderabad,India,2022-08-31
302,Pooja,Kapoor,pooja.kapoor302@mail.com,Pune,India,2023-08-12
303,Isha,Mehta,isha.mehta303@mail.com,Hyderabad,India,2022-01-23
304,Rohan,Sharma,rohan.sharma304@mail.com,Delhi,India,2023-08-03
305,Pooja,Nair,pooja.nair305@mail.com,Pune,India,2024-05-02
306,Neha,Reddy,neha.reddy306@mail.com,Chennai,India,2024-04-01
307,Neha,Roy,neha.roy307@mail.com,Pune,India,2023-09-28
308,Karan,Gupta,karan.gupta308@mail.com,Mumbai,India,2023-10-06
309,Karan,Sharma,karan.sharma309@mail.com,Ahmedabad,India,2022-11-13
310,Amit,Reddy,amit.reddy310@mail.com,Bangalore,India,2023-01-09
311,Rahul,Mehta,rahul.mehta311@mail.com,Hyderabad,India,2022-12-01
312,Priya,Roy,priya.roy312@mail.com,Chennai,India,2022-05-16
313,Arjun,Iyer,arjun.iyer313@mail.com,Bangalore,India,2022-10-07
314,Rohan,Nair,rohan.nair314@mail.com,Pune,India,2024-04-05
315,Isha,Kapoor,isha.kapoor315@mail.com,Mumbai,India,2024-04-03
316,Sneha,Verma,sneha.verma316@mail.com,Kolkata,India,2022-05-25
317,Karan,Das,karan.das317@mail.com,Chennai,India,2024-05-16
318,Rahul,Das,rahul.das318@mail.com,Pune,India,2022-01-15
319,Arjun,Verma,arjun.verma319@mail.com,Chennai,India,2023-04-11
320,Karan,Mehta,karan.mehta320@mail.com,Hyderabad,India,2023-08-22
321,Karan,Kapoor,karan.kapoor321@mail.com,Kolkata,India,2022-04-21
322,Sneha,Sharma,sneha.sharma322@mail.com,Chennai,India,2023-09-27
323,Pooja,Roy,pooja.roy323@mail.com,Mumbai,India,2023-10-26
324,Karan,Nair,karan.nair324@mail.com,Pune,India,2023-12-19
325,Karan,Das,karan.das325@mail.com,Bangalore,India,2022-04-30
326,Amit,Sharma,amit.sharma326@mail.com,Ahmedabad,India,2022-11-08
327,Rahul,Verma,rahul.verma327@mail.com,Bangalore,India,2022-08-29
328,Vikram,Nair,vikram.nair328@mail.com,Hyderabad,India,2023-01-15
329,Pooja,Gupta,pooja.gupta329@mail.com,Mumbai,India,2023-03-01
330,Sneha,Reddy,sneha.reddy330@mail.com,Pune,India,2023-02-22
331,Amit,Kapoor,amit.kapoor331@mail.com,Ahmedabad,India,2022-08-11
332,Sneha,Roy,sneha.roy332@mail.com,Chennai,India,2024-05-25
333,Rahul,Kapoor,rahul.kapoor333@mail.com,Chennai,India,2023-07-12
334,Amit,Das,amit.das334@mail.com,Kolkata,India,2022-10-10
335,Rahul,Nair,rahul.nair335@mail.com,Kolkata,India,2022-04-04
336,Karan,Reddy,karan.reddy336@mail.com,Delhi,India,2022-01-22
337,Anjali,Roy,anjali.roy337@mail.com,Kolkata,India,2022-05-09
338,Rahul,Iyer,rahul.iyer338@mail.com,Kolkata,India,2022-08-01
339,Neha,Kapoor,neha.kapoor339@mail.com,Bangalore,India,2024-03-03
340,Pooja,Sharma,pooja.sharma340@mail.com,Bangalore,India,2022-10-11
341,Priya,Iyer,priya.iyer341@mail.com,Bangalore,India,2022-09-14
342,Rahul,Sharma,rahul.sharma342@mail.com,Delhi,India,2022-05-15
343,Anjali,Roy,anjali.roy343@mail.com,Chennai,India,2023-08-26
344,Amit,Gupta,amit.gupta344@mail.com,Delhi,India,2022-09-29
345,Priya,Das,priya.das345@mail.com,Mumbai,India,2023-06-23
346,Isha,Verma,isha.verma346@mail.com,Ahmedabad,India,2023-05-03
347,Anjali,Iyer,anjali.iyer347@mail.com,Mumbai,India,2023-08-31
348,Sneha,Iyer,sneha.iyer348@mail.com,Delhi,India,2022-08-15
349,Isha,Iyer,isha.iyer349@mail.com,Ahmedabad,India,2022-11-05
350,Karan,Sharma,karan.sharma350@mail.com,Ahmedabad,India,2022-03-04
351,Vikram,Das,vikram.das351@mail.com,Mumbai,India,2023-12-04
352,Sneha,Nair,sneha.nair352@mail.com,Mumbai,India,2022-03-17
353,Anjali,Reddy,anjali.reddy353@mail.com,Mumbai,India,2022-06-01
354,Priya,Mehta,priya.mehta354@mail.com,Chennai,India,2023-10-02
355,Vikram,Reddy,vikram.reddy355@mail.com,Pune,India,2023-06-28
356,Sneha,Iyer,sneha.iyer356@mail.com,Hyderabad,India,2023-09-12
357,Rahul,Verma,rahul.verma357@mail.com,Kolkata,India,2024-05-23
358,Vikram,Nair,vikram.nair358@mail.com,Hyderabad,India,2022-08-22
359,Anjali,Nair,anjali.nair359@mail.com,Hyderabad,India,2023-02-13
360,Isha,Verma,isha.verma360@mail.com,Hyderabad,India,2022-11-17
361,Anjali,Mehta,anjali.mehta361@mail.com,Bangalore,India,2023-01-19
362,Karan,Nair,karan.nair362@mail.com,Mumbai,India,2022-03-10
363,Rahul,Verma,rahul.verma363@mail.com,Mumbai,India,2023-03-19
364,Isha,Kapoor,isha.kapoor364@mail.com,Bangalore,India,2024-04-11
365,Arjun,Sharma,arjun.sharma365@mail.com,Chennai,India,2023-08-24
366,Karan,Verma,karan.verma366@mail.com,Chennai,India,2023-02-25
367,Karan,Das,karan.das367@mail.com,Delhi,India,2024-06-07
368,Rohan,Reddy,rohan.reddy368@mail.com,Chennai,India,2022-11-16
369,Rahul,Reddy,rahul.reddy369@mail.com,Kolkata,India,2023-06-04
370,Priya,Nair,priya.nair370@mail.com,Mumbai,India,2022-08-18
371,Anjali,Iyer,anjali.iyer371@mail.com,Mumbai,India,2023-01-12
372,Rohan,Reddy,rohan.reddy372@mail.com,Hyderabad,India,2022-08-20
373,Arjun,Reddy,arjun.reddy373@mail.com,Delhi,India,2023-09-21
374,Pooja,Mehta,pooja.mehta374@mail.com,Bangalore,India,2022-01-30
375,Rohan,Mehta,rohan.mehta375@mail.com,Chennai,India,2022-12-14
376,Amit,Gupta,amit.gupta376@mail.com,Bangalore,India,2024-06-09
377,Pooja,Das,pooja.das377@mail.com,Bangalore,India,2022-03-13
378,Isha,Sharma,isha.sharma378@mail.com,Kolkata,India,2022-04-04
379,Vikram,Das,vikram.das379@mail.com,Chennai,India,2023-04-10
380,Priya,Kapoor,priya.kapoor380@mail.com,Chennai,India,2022-11-16
381,Pooja,Reddy,pooja.reddy381@mail.com,Delhi,India,2022-03-28
382,Priya,Gupta,priya.gupta382@mail.com,Delhi,India,2024-02-12
383,Karan,Verma,karan.verma383@mail.com,Ahmedabad,India,2022-10-06
384,Karan,Das,karan.das384@mail.com,Ahmedabad,India,2023-05-13
385,Vikram,Mehta,vikram.mehta385@mail.com,Mumbai,India,2022-08-09
386,Anjali,Das,anjali.das386@mail.com,Pune,India,2022-04-24
387,Karan,Reddy,karan.reddy387@mail.com,Pune,India,2023-05-14
388,Amit,Roy,amit.roy388@mail.com,Delhi,India,2023-02-09
389,Amit,Roy,amit.roy389@mail.com,Kolkata,India,2022-11-05
390,Priya,Mehta,priya.mehta390@mail.com,Chennai,India,2022-10-24
391,Rahul,Sharma,rahul.sharma391@mail.com,Hyderabad,India,2023-05-25
392,Priya,Gupta,priya.gupta392@mail.com,Kolkata,India,2023-01-25
393,Arjun,Iyer,arjun.iyer393@mail.com,Chennai,India,2024-05-03
394,Rahul,Das,rahul.das394@mail.com,Delhi,India,2024-06-01
395,Vikram,Sharma,vikram.sharma395@mail.com,Mumbai,India,2023-04-16
396,Anjali,Reddy,anjali.reddy396@mail.com,Hyderabad,India,2023-03-16
397,Isha,Das,isha.das397@mail.com,Mumbai,India,2022-10-24
398,Vikram,Sharma,vikram.sharma398@mail.com,Bangalore,India,2022-11-29
399,Pooja,Nair,pooja.nair399@mail.com,Chennai,India,2024-05-01
400,Rahul,Das,rahul.das400@mail.com,Mumbai,India,2024-05-14
401,Neha,Das,neha.das401@mail.com,Hyderabad,India,2023-08-27
402,Arjun,Verma,arjun.verma402@mail.com,Pune,India,2023-02-10
403,Isha,Kapoor,isha.kapoor403@mail.com,Chennai,India,2022-08-15
404,Priya,Verma,priya.verma404@mail.com,Mumbai,India,2023-06-07
405,Arjun,Iyer,arjun.iyer405@mail.com,Chennai,India,2022-07-18
406,Anjali,Gupta,anjali.gupta406@mail.com,Mumbai,India,2022-08-30
407,Priya,Mehta,priya.mehta407@mail.com,Bangalore,India,2022-07-22
408,Pooja,Gupta,pooja.gupta408@mail.com,Mumbai,India,2024-02-18
409,Priya,Nair,priya.nair409@mail.com,Ahmedabad,India,2023-04-21
410,Karan,Reddy,karan.reddy410@mail.com,Chennai,India,2023-10-21
411,Karan,Kapoor,karan.kapoor411@mail.com,Ahmedabad,India,2022-06-04
412,Rahul,Nair,rahul.nair412@mail.com,Pune,India,2023-03-29
413,Rohan,Reddy,rohan.reddy413@mail.com,Chennai,India,2022-02-27
414,Arjun,Verma,arjun.verma414@mail.com,Ahmedabad,India,2022-11-14
415,Sneha,Sharma,sneha.sharma415@mail.com,Chennai,India,2022-02-28
416,Rohan,Verma,rohan.verma416@mail.com,Mumbai,India,2023-10-23
417,Pooja,Reddy,pooja.reddy417@mail.com,Hyderabad,India,2023-06-04
418,Sneha,Reddy,sneha.reddy418@mail.com,Delhi,India,2023-07-22
419,Sneha,Reddy,sneha.reddy419@mail.com,Kolkata,India,2023-10-30
420,Anjali,Reddy,anjali.reddy420@mail.com,Bangalore,India,2023-05-03
421,Amit,Nair,amit.nair421@mail.com,Chennai,India,2022-04-16
422,Isha,Verma,isha.verma422@mail.com,Bangalore,India,2023-06-01
423,Amit,Roy,amit.roy423@mail.com,Ahmedabad,India,2023-12-26
424,Sneha,Iyer,sneha.iyer424@mail.com,Bangalore,India,2023-06-20
425,Anjali,Kapoor,anjali.kapoor425@mail.com,Hyderabad,India,2022-10-17
426,Vikram,Kapoor,vikram.kapoor426@mail.com,Delhi,India,2023-11-27
427,Karan,Kapoor,karan.kapoor427@mail.com,Chennai,India,2022-03-09
428,Rahul,Iyer,rahul.iyer428@mail.com,Hyderabad,India,2023-11-26
429,Rohan,Mehta,rohan.mehta429@mail.com,Bangalore,India,2024-01-12
430,Anjali,Verma,anjali.verma430@mail.com,Bangalore,India,2023-08-20
431,Anjali,Mehta,anjali.mehta431@mail.com,Hyderabad,India,2023-11-03
432,Priya,Reddy,priya.reddy432@mail.com,Mumbai,India,2023-12-27
433,Rohan,Iyer,rohan.iyer433@mail.com,Chennai,India,2023-01-21
434,Priya,Iyer,priya.iyer434@mail.com,Hyderabad,India,2022-04-06
435,Arjun,Kapoor,arjun.kapoor435@mail.com,Chennai,India,2022-01-19
436,Rohan,Gupta,rohan.gupta436@mail.com,Chennai,India,2022-08-08
437,Sneha,Roy,sneha.roy437@mail.com,Bangalore,India,2022-08-20
438,Priya,Verma,priya.verma438@mail.com,Mumbai,India,2022-10-30
439,Arjun,Iyer,arjun.iyer439@mail.com,Delhi,India,2024-05-05
440,Karan,Kapoor,karan.kapoor440@mail.com,Bangalore,India,2024-06-16
441,Pooja,Das,pooja.das441@mail.com,Bangalore,India,2022-06-07
442,Priya,Reddy,priya.reddy442@mail.com,Bangalore,India,2024-04-08
443,Isha,Nair,isha.nair443@mail.com,Hyderabad,India,2022-02-14
444,Anjali,Roy,anjali.roy444@mail.com,Pune,India,2023-03-31
445,Isha,Nair,isha.nair445@mail.com,Kolkata,India,2022-08-28
446,Rohan,Nair,rohan.nair446@mail.com,Kolkata,India,2024-05-05
447,Anjali,Reddy,anjali.reddy447@mail.com,Ahmedabad,India,2023-03-28
448,Rohan,Das,rohan.das448@mail.com,Hyderabad,India,2023-05-30
449,Priya,Roy,priya.roy449@mail.com,Bangalore,India,2024-03-31
450,Rohan,Sharma,rohan.sharma450@mail.com,Ahmedabad,India,2023-10-19
451,Anjali,Iyer,anjali.iyer451@mail.com,Mumbai,India,2022-04-16
452,Rohan,Verma,rohan.verma452@mail.com,Bangalore,India,2024-02-21
453,Rohan,Nair,rohan.nair453@mail.com,Bangalore,India,2023-06-10
454,Vikram,Verma,vikram.verma454@mail.com,Ahmedabad,India,2022-08-16
455,Anjali,Sharma,anjali.sharma455@mail.com,Delhi,India,2023-03-01
456,Vikram,Iyer,vikram.iyer456@mail.com,Kolkata,India,2023-01-18
457,Vikram,Verma,vikram.verma457@mail.com,Kolkata,India,2023-01-19
458,Amit,Kapoor,amit.kapoor458@mail.com,Chennai,India,2022-04-12
459,Priya,Gupta,priya.gupta459@mail.com,Pune,India,2022-02-09
460,Sneha,Gupta,sneha.gupta460@mail.com,Ahmedabad,India,2024-02-17
461,Sneha,Reddy,sneha.reddy461@mail.com,Mumbai,India,2022-01-06
462,Amit,Mehta,amit.mehta462@mail.com,Bangalore,India,2022-08-09
463,Arjun,Reddy,arjun.reddy463@mail.com,Hyderabad,India,2023-06-25
464,Rahul,Mehta,rahul.mehta464@mail.com,Pune,India,2022-09-01
465,Rahul,Sharma,rahul.sharma465@mail.com,Hyderabad,India,2022-09-02
466,Karan,Reddy,karan.reddy466@mail.com,Mumbai,India,2023-04-14
467,Rahul,Nair,rahul.nair467@mail.com,Delhi,India,2023-09-04
468,Karan,Iyer,karan.iyer468@mail.com,Kolkata,India,2023-08-12
469,Isha,Gupta,isha.gupta469@mail.com,Hyderabad,India,2022-10-26
470,Amit,Reddy,amit.reddy470@mail.com,Kolkata,India,2022-12-28
471,Pooja,Das,pooja.das471@mail.com,Mumbai,India,2022-07-11
472,Arjun,Kapoor,arjun.kapoor472@mail.com,Delhi,India,2022-03-11
473,Vikram,Nair,vikram.nair473@mail.com,Hyderabad,India,2022-02-14
474,Anjali,Mehta,anjali.mehta474@mail.com,Delhi,India,2024-02-05
475,Anjali,Verma,anjali.verma475@mail.com,Kolkata,India,2022-12-20
476,Isha,Verma,isha.verma476@mail.com,Chennai,India,2024-03-01
477,Priya,Sharma,priya.sharma477@mail.com,Chennai,India,2022-12-27
478,Karan,Gupta,karan.gupta478@mail.com,Ahmedabad,India,2024-04-30
479,Isha,Nair,isha.nair479@mail.com,Bangalore,India,2023-10-09
480,Priya,Verma,priya.verma480@mail.com,Ahmedabad,India,2024-01-04
481,Amit,Mehta,amit.mehta481@mail.com,Delhi,India,2022-07-26
482,Neha,Sharma,neha.sharma482@mail.com,Pune,India,2022-11-20
483,Arjun,Das,arjun.das483@mail.com,Ahmedabad,India,2024-04-14
484,Rohan,Sharma,rohan.sharma484@mail.com,Kolkata,India,2024-02-11
485,Rohan,Kapoor,rohan.kapoor485@mail.com,Delhi,India,2024-06-01
486,Karan,Kapoor,karan.kapoor486@mail.com,Mumbai,India,2022-10-07
487,Anjali,Das,anjali.das487@mail.com,Ahmedabad,India,2023-02-14
488,Vikram,Kapoor,vikram.kapoor488@mail.com,Ahmedabad,India,2022-07-11
489,Isha,Nair,isha.nair489@mail.com,Pune,India,2023-01-12
490,Rahul,Das,rahul.das490@mail.com,Hyderabad,India,2022-03-22
491,Pooja,Gupta,pooja.gupta491@mail.com,Pune,India,2023-07-13
492,Anjali,Verma,anjali.verma492@mail.com,Chennai,India,2022-03-23
493,Karan,Mehta,karan.mehta493@mail.com,Ahmedabad,India,2022-11-10
494,Pooja,Das,pooja.das494@mail.com,Ahmedabad,India,2022-06-20
495,Anjali,Nair,anjali.nair495@mail.com,Chennai,India,2022-02-13
496,Pooja,Das,pooja.das496@mail.com,Delhi,India,2022-10-09
497,Rahul,Das,rahul.das497@mail.com,Bangalore,India,2023-01-08
498,Amit,Gupta,amit.gupta498@mail.com,Ahmedabad,India,2024-05-19
499,Amit,Gupta,amit.gupta499@mail.com,Kolkata,India,2022-03-10
500,Karan,Kapoor,karan.kapoor500@mail.com,Hyderabad,India,2023-01-06
501,Pooja,Sharma,pooja.sharma501@mail.com,Bangalore,India,2023-09-12
502,Karan,Nair,karan.nair502@mail.com,Chennai,India,2023-01-15
503,Sneha,Verma,sneha.verma503@mail.com,Bangalore,India,2023-08-11
504,Arjun,Kapoor,arjun.kapoor504@mail.com,Chennai,India,2023-02-12
505,Karan,Mehta,karan.mehta505@mail.com,Mumbai,India,2022-09-13
506,Amit,Gupta,amit.gupta506@mail.com,Hyderabad,India,2023-05-27
507,Arjun,Verma,arjun.verma507@mail.com,Pune,India,2022-09-26
508,Isha,Nair,isha.nair508@mail.com,Pune,India,2022-08-08
509,Isha,Nair,isha.nair509@mail.com,Mumbai,India,2022-07-24
510,Priya,Verma,priya.verma510@mail.com,Bangalore,India,2023-04-08
511,Isha,Nair,isha.nair511@mail.com,Chennai,India,2022-03-31
512,Karan,Kapoor,karan.kapoor512@mail.com,Mumbai,India,2023-12-28
513,Arjun,Iyer,arjun.iyer513@mail.com,Pune,India,2022-10-25
514,Priya,Gupta,priya.gupta514@mail.com,Chennai,India,2024-03-23
515,Arjun,Roy,arjun.roy515@mail.com,Kolkata,India,2022-05-05
516,Priya,Roy,priya.roy516@mail.com,Ahmedabad,India,2024-03-20
517,Amit,Kapoor,amit.kapoor517@mail.com,Chennai,India,2023-07-22
518,Sneha,Iyer,sneha.iyer518@mail.com,Mumbai,India,2022-05-13
519,Rahul,Mehta,rahul.mehta519@mail.com,Ahmedabad,India,2023-02-12
520,Arjun,Das,arjun.das520@mail.com,Hyderabad,India,2024-02-27
521,Pooja,Verma,pooja.verma521@mail.com,Chennai,India,2022-05-09
522,Karan,Verma,karan.verma522@mail.com,Ahmedabad,India,2023-04-06
523,Karan,Iyer,karan.iyer523@mail.com,Bangalore,India,2022-12-19
524,Arjun,Reddy,arjun.reddy524@mail.com,Bangalore,India,2022-07-06
525,Vikram,Iyer,vikram.iyer525@mail.com,Delhi,India,2024-06-08
526,Rahul,Iyer,rahul.iyer526@mail.com,Pune,India,2022-06-06
527,Priya,Gupta,priya.gupta527@mail.com,Kolkata,India,2022-11-27
528,Anjali,Iyer,anjali.iyer528@mail.com,Mumbai,India,2022-10-18
529,Rohan,Roy,rohan.roy529@mail.com,Pune,India,2023-10-13
530,Priya,Mehta,priya.mehta530@mail.com,Mumbai,India,2023-09-22
531,Arjun,Gupta,arjun.gupta531@mail.com,Bangalore,India,2023-08-30
532,Priya,Reddy,priya.reddy532@mail.com,Chennai,India,2024-01-08
533,Pooja,Sharma,pooja.sharma533@mail.com,Delhi,India,2024-04-25
534,Rahul,Sharma,rahul.sharma534@mail.com,Pune,India,2023-10-19
535,Karan,Roy,karan.roy535@mail.com,Hyderabad,India,2024-02-25
536,Pooja,Sharma,pooja.sharma536@mail.com,Pune,India,2023-05-25
537,Karan,Mehta,karan.mehta537@mail.com,Kolkata,India,2023-05-10
538,Karan,Das,karan.das538@mail.com,Ahmedabad,India,2022-11-01
539,Rahul,Sharma,rahul.sharma539@mail.com,Ahmedabad,India,2022-06-11
540,Vikram,Nair,vikram.nair540@mail.com,Kolkata,India,2023-04-21
541,Anjali,Reddy,anjali.reddy541@mail.com,Chennai,India,2022-05-28
542,Isha,Kapoor,isha.kapoor542@mail.com,Chennai,India,2024-01-22
543,Vikram,Gupta,vikram.gupta543@mail.com,Chennai,India,2024-02-18
544,Arjun,Iyer,arjun.iyer544@mail.com,Chennai,India,2022-04-19
545,Neha,Nair,neha.nair545@mail.com,Pune,India,2022-05-06
546,Sneha,Roy,sneha.roy546@mail.com,Mumbai,India,2022-05-25
547,Amit,Mehta,amit.mehta547@mail.com,Hyderabad,India,2023-01-29
548,Neha,Gupta,neha.gupta548@mail.com,Chennai,India,2024-04-13
549,Pooja,Kapoor,pooja.kapoor549@mail.com,Bangalore,India,2022-07-14
550,Sneha,Iyer,sneha.iyer550@mail.com,Ahmedabad,India,2023-04-24
551,Rohan,Nair,rohan.nair551@mail.com,Mumbai,India,2022-01-24
552,Vikram,Iyer,vikram.iyer552@mail.com,Kolkata,India,2023-04-14
553,Neha,Reddy,neha.reddy553@mail.com,Delhi,India,2022-12-28
554,Amit,Mehta,amit.mehta554@mail.com,Ahmedabad,India,2023-05-22
555,Rohan,Iyer,rohan.iyer555@mail.com,Mumbai,India,2022-01-09
556,Vikram,Gupta,vikram.gupta556@mail.com,Chennai,India,2022-09-28
557,Vikram,Kapoor,vikram.kapoor557@mail.com,Hyderabad,India,2022-02-16
558,Amit,Reddy,amit.reddy558@mail.com,Kolkata,India,2023-07-30
559,Anjali,Iyer,anjali.iyer559@mail.com,Mumbai,India,2022-10-23
560,Vikram,Iyer,vikram.iyer560@mail.com,Pune,India,2023-04-07
561,Pooja,Reddy,pooja.reddy561@mail.com,Bangalore,India,2022-05-02
562,Rahul,Das,rahul.das562@mail.com,Chennai,India,2023-01-18
563,Arjun,Kapoor,arjun.kapoor563@mail.com,Bangalore,India,2024-02-13
564,Neha,Reddy,neha.reddy564@mail.com,Hyderabad,India,2023-06-06
565,Arjun,Sharma,arjun.sharma565@mail.com,Delhi,India,2022-02-16
566,Priya,Kapoor,priya.kapoor566@mail.com,Ahmedabad,India,2024-04-03
567,Arjun,Nair,arjun.nair567@mail.com,Bangalore,India,2022-06-02
568,Anjali,Reddy,anjali.reddy568@mail.com,Bangalore,India,2022-11-23
569,Vikram,Reddy,vikram.reddy569@mail.com,Pune,India,2024-01-28
570,Pooja,Kapoor,pooja.kapoor570@mail.com,Ahmedabad,India,2023-06-04
571,Isha,Reddy,isha.reddy571@mail.com,Ahmedabad,India,2022-11-03
572,Amit,Kapoor,amit.kapoor572@mail.com,Mumbai,India,2022-12-06
573,Vikram,Reddy,vikram.reddy573@mail.com,Delhi,India,2022-11-12
574,Pooja,Nair,pooja.nair574@mail.com,Kolkata,India,2022-09-29
575,Isha,Sharma,isha.sharma575@mail.com,Ahmedabad,India,2023-08-21
576,Priya,Iyer,priya.iyer576@mail.com,Hyderabad,India,2023-10-07
577,Priya,Roy,priya.roy577@mail.com,Mumbai,India,2022-02-02
578,Neha,Sharma,neha.sharma578@mail.com,Chennai,India,2023-03-28
579,Vikram,Gupta,vikram.gupta579@mail.com,Kolkata,India,2023-02-27
580,Vikram,Iyer,vikram.iyer580@mail.com,Ahmedabad,India,2024-03-04
581,Isha,Sharma,isha.sharma581@mail.com,Bangalore,India,2023-12-24
582,Arjun,Roy,arjun.roy582@mail.com,Chennai,India,2023-07-29
583,Karan,Nair,karan.nair583@mail.com,Hyderabad,India,2023-06-23
584,Anjali,Gupta,anjali.gupta584@mail.com,Chennai,India,2023-04-16
585,Arjun,Kapoor,arjun.kapoor585@mail.com,Pune,India,2023-11-24
586,Pooja,Nair,pooja.nair586@mail.com,Kolkata,India,2022-07-16
587,Rohan,Iyer,rohan.iyer587@mail.com,Kolkata,India,2022-11-02
588,Rohan,Mehta,rohan.mehta588@mail.com,Kolkata,India,2023-12-23
589,Isha,Nair,isha.nair589@mail.com,Ahmedabad,India,2022-11-21
590,Anjali,Iyer,anjali.iyer590@mail.com,Pune,India,2024-03-25
591,Rohan,Verma,rohan.verma591@mail.com,Hyderabad,India,2023-08-11
592,Vikram,Kapoor,vikram.kapoor592@mail.com,Bangalore,India,2024-03-02
593,Rohan,Sharma,rohan.sharma593@mail.com,Mumbai,India,2022-10-22
594,Anjali,Nair,anjali.nair594@mail.com,Pune,India,2023-11-03
595,Isha,Nair,isha.nair595@mail.com,Kolkata,India,2022-08-08
596,Arjun,Mehta,arjun.mehta596@mail.com,Pune,India,2023-07-30
597,Priya,Verma,priya.verma597@mail.com,Kolkata,India,2023-09-23
598,Neha,Sharma,neha.sharma598@mail.com,Kolkata,India,2023-11-17
599,Karan,Roy,karan.roy599@mail.com,Mumbai,India,2022-02-23
600,Vikram,Kapoor,vikram.kapoor600@mail.com,Ahmedabad,India,2024-01-05
601,Rahul,Gupta,rahul.gupta601@mail.com,Bangalore,India,2022-01-06
602,Vikram,Nair,vikram.nair602@mail.com,Kolkata,India,2023-05-04
603,Rohan,Kapoor,rohan.kapoor603@mail.com,Delhi,India,2022-10-20
604,Rahul,Reddy,rahul.reddy604@mail.com,Delhi,India,2022-08-26
605,Priya,Das,priya.das605@mail.com,Bangalore,India,2024-05-07
606,Amit,Das,amit.das606@mail.com,Ahmedabad,India,2024-03-17
607,Priya,Mehta,priya.mehta607@mail.com,Delhi,India,2024-06-16
608,Amit,Mehta,amit.mehta608@mail.com,Mumbai,India,2023-08-05
609,Anjali,Mehta,anjali.mehta609@mail.com,Ahmedabad,India,2023-04-11
610,Priya,Iyer,priya.iyer610@mail.com,Pune,India,2023-04-25
611,Neha,Verma,neha.verma611@mail.com,Bangalore,India,2022-12-05
612,Isha,Nair,isha.nair612@mail.com,Pune,India,2023-10-26
613,Isha,Gupta,isha.gupta613@mail.com,Chennai,India,2022-01-15
614,Rohan,Reddy,rohan.reddy614@mail.com,Kolkata,India,2023-11-22
615,Priya,Reddy,priya.reddy615@mail.com,Hyderabad,India,2024-05-26
616,Vikram,Iyer,vikram.iyer616@mail.com,Mumbai,India,2022-12-02
617,Vikram,Verma,vikram.verma617@mail.com,Bangalore,India,2022-07-09
618,Sneha,Kapoor,sneha.kapoor618@mail.com,Delhi,India,2022-09-12
619,Rohan,Das,rohan.das619@mail.com,Ahmedabad,India,2022-08-30
620,Rohan,Kapoor,rohan.kapoor620@mail.com,Delhi,India,2022-11-06
621,Rohan,Kapoor,rohan.kapoor621@mail.com,Kolkata,India,2023-12-11
622,Amit,Verma,amit.verma622@mail.com,Pune,India,2023-04-22
623,Priya,Das,priya.das623@mail.com,Pune,India,2023-12-04
624,Isha,Verma,isha.verma624@mail.com,Pune,India,2023-10-17
625,Anjali,Reddy,anjali.reddy625@mail.com,Kolkata,India,2022-08-15
626,Priya,Nair,priya.nair626@mail.com,Ahmedabad,India,2022-06-06
627,Isha,Reddy,isha.reddy627@mail.com,Hyderabad,India,2023-01-18
628,Isha,Iyer,isha.iyer628@mail.com,Kolkata,India,2023-04-28
629,Neha,Reddy,neha.reddy629@mail.com,Mumbai,India,2024-06-13
630,Arjun,Nair,arjun.nair630@mail.com,Chennai,India,2023-06-25
631,Rahul,Reddy,rahul.reddy631@mail.com,Delhi,India,2022-04-25
632,Arjun,Iyer,arjun.iyer632@mail.com,Bangalore,India,2022-07-27
633,Priya,Kapoor,priya.kapoor633@mail.com,Ahmedabad,India,2024-05-24
634,Rahul,Roy,rahul.roy634@mail.com,Ahmedabad,India,2024-01-05
635,Rahul,Iyer,rahul.iyer635@mail.com,Delhi,India,2023-04-02
636,Sneha,Gupta,sneha.gupta636@mail.com,Hyderabad,India,2023-06-10
637,Sneha,Reddy,sneha.reddy637@mail.com,Ahmedabad,India,2022-03-01
638,Karan,Mehta,karan.mehta638@mail.com,Delhi,India,2024-01-11
639,Vikram,Mehta,vikram.mehta639@mail.com,Delhi,India,2024-04-16
640,Isha,Roy,isha.roy640@mail.com,Mumbai,India,2023-08-16
641,Amit,Das,amit.das641@mail.com,Mumbai,India,2022-12-19
642,Arjun,Sharma,arjun.sharma642@mail.com,Ahmedabad,India,2022-03-12
643,Amit,Mehta,amit.mehta643@mail.com,Bangalore,India,2023-02-23
644,Priya,Das,priya.das644@mail.com,Hyderabad,India,2023-01-19
645,Sneha,Das,sneha.das645@mail.com,Mumbai,India,2023-01-20
646,Karan,Iyer,karan.iyer646@mail.com,Chennai,India,2022-05-17
647,Rahul,Gupta,rahul.gupta647@mail.com,Hyderabad,India,2023-07-05
648,Arjun,Gupta,arjun.gupta648@mail.com,Kolkata,India,2024-01-16
649,Amit,Sharma,amit.sharma649@mail.com,Ahmedabad,India,2022-11-02
650,Karan,Iyer,karan.iyer650@mail.com,Hyderabad,India,2023-03-11
651,Neha,Roy,neha.roy651@mail.com,Chennai,India,2023-04-17
652,Priya,Mehta,priya.mehta652@mail.com,Mumbai,India,2022-07-13
653,Amit,Das,amit.das653@mail.com,Delhi,India,2023-09-22
654,Neha,Roy,neha.roy654@mail.com,Mumbai,India,2022-03-10
655,Pooja,Sharma,pooja.sharma655@mail.com,Delhi,India,2023-04-03
656,Neha,Sharma,neha.sharma656@mail.com,Ahmedabad,India,2023-02-16
657,Neha,Iyer,neha.iyer657@mail.com,Delhi,India,2022-08-11
658,Priya,Iyer,priya.iyer658@mail.com,Kolkata,India,2022-10-24
659,Isha,Reddy,isha.reddy659@mail.com,Chennai,India,2022-11-23
660,Neha,Mehta,neha.mehta660@mail.com,Bangalore,India,2024-06-16
661,Karan,Iyer,karan.iyer661@mail.com,Hyderabad,India,2022-08-15
662,Rohan,Mehta,rohan.mehta662@mail.com,Bangalore,India,2022-03-04
663,Karan,Das,karan.das663@mail.com,Ahmedabad,India,2023-07-24
664,Amit,Kapoor,amit.kapoor664@mail.com,Hyderabad,India,2023-10-21
665,Arjun,Kapoor,arjun.kapoor665@mail.com,Hyderabad,India,2023-12-15
666,Vikram,Gupta,vikram.gupta666@mail.com,Hyderabad,India,2022-11-04
667,Priya,Iyer,priya.iyer667@mail.com,Kolkata,India,2023-04-30
668,Neha,Mehta,neha.mehta668@mail.com,Bangalore,India,2024-05-28
669,Sneha,Sharma,sneha.sharma669@mail.com,Hyderabad,India,2023-07-30
670,Vikram,Iyer,vikram.iyer670@mail.com,Bangalore,India,2023-06-27
671,Vikram,Roy,vikram.roy671@mail.com,Kolkata,India,2022-09-19
672,Anjali,Verma,anjali.verma672@mail.com,Chennai,India,2023-04-06
673,Rahul,Iyer,rahul.iyer673@mail.com,Kolkata,India,2024-01-12
674,Amit,Mehta,amit.mehta674@mail.com,Delhi,India,2023-01-22
675,Rahul,Roy,rahul.roy675@mail.com,Kolkata,India,2024-04-03
676,Sneha,Roy,sneha.roy676@mail.com,Chennai,India,2024-06-09
677,Rohan,Sharma,rohan.sharma677@mail.com,Kolkata,India,2022-08-05
678,Isha,Verma,isha.verma678@mail.com,Ahmedabad,India,2024-02-04
679,Neha,Reddy,neha.reddy679@mail.com,Kolkata,India,2023-12-22
680,Vikram,Roy,vikram.roy680@mail.com,Chennai,India,2023-07-20
681,Rohan,Das,rohan.das681@mail.com,Chennai,India,2023-04-23
682,Rohan,Mehta,rohan.mehta682@mail.com,Ahmedabad,India,2023-01-04
683,Sneha,Verma,sneha.verma683@mail.com,Ahmedabad,India,2024-04-02
684,Anjali,Roy,anjali.roy684@mail.com,Chennai,India,2023-01-15
685,Vikram,Sharma,vikram.sharma685@mail.com,Kolkata,India,2023-07-31
686,Isha,Gupta,isha.gupta686@mail.com,Pune,India,2022-01-17
687,Arjun,Reddy,arjun.reddy687@mail.com,Hyderabad,India,2023-08-17
688,Rohan,Gupta,rohan.gupta688@mail.com,Chennai,India,2022-07-20
689,Neha,Das,neha.das689@mail.com,Kolkata,India,2023-08-07
690,Sneha,Iyer,sneha.iyer690@mail.com,Chennai,India,2023-11-02
691,Rohan,Nair,rohan.nair691@mail.com,Ahmedabad,India,2024-01-11
692,Sneha,Gupta,sneha.gupta692@mail.com,Chennai,India,2024-01-21
693,Priya,Gupta,priya.gupta693@mail.com,Ahmedabad,India,2024-01-08
694,Priya,Iyer,priya.iyer694@mail.com,Delhi,India,2023-10-20
695,Arjun,Sharma,arjun.sharma695@mail.com,Mumbai,India,2024-05-09
696,Karan,Sharma,karan.sharma696@mail.com,Delhi,India,2024-02-22
697,Vikram,Gupta,vikram.gupta697@mail.com,Kolkata,India,2024-05-12
698,Rahul,Gupta,rahul.gupta698@mail.com,Kolkata,India,2022-01-10
699,Arjun,Nair,arjun.nair699@mail.com,Delhi,India,2023-01-18
700,Pooja,Reddy,pooja.reddy700@mail.com,Ahmedabad,India,2023-05-10
701,Amit,Sharma,amit.sharma701@mail.com,Hyderabad,India,2023-06-29
702,Amit,Sharma,amit.sharma702@mail.com,Pune,India,2023-06-27
703,Arjun,Mehta,arjun.mehta703@mail.com,Hyderabad,India,2022-01-18
704,Priya,Verma,priya.verma704@mail.com,Bangalore,India,2022-04-09
705,Neha,Roy,neha.roy705@mail.com,Pune,India,2023-09-27
706,Anjali,Mehta,anjali.mehta706@mail.com,Hyderabad,India,2024-03-25
707,Rahul,Kapoor,rahul.kapoor707@mail.com,Ahmedabad,India,2023-02-20
708,Pooja,Roy,pooja.roy708@mail.com,Kolkata,India,2023-12-15
709,Rohan,Verma,rohan.verma709@mail.com,Delhi,India,2023-11-01
710,Rahul,Das,rahul.das710@mail.com,Hyderabad,India,2023-01-24
711,Arjun,Nair,arjun.nair711@mail.com,Delhi,India,2022-02-27
712,Isha,Gupta,isha.gupta712@mail.com,Ahmedabad,India,2022-03-26
713,Vikram,Kapoor,vikram.kapoor713@mail.com,Mumbai,India,2023-08-03
714,Arjun,Sharma,arjun.sharma714@mail.com,Kolkata,India,2022-08-24
715,Isha,Reddy,isha.reddy715@mail.com,Pune,India,2023-05-02
716,Amit,Verma,amit.verma716@mail.com,Pune,India,2023-12-02
717,Arjun,Reddy,arjun.reddy717@mail.com,Delhi,India,2023-11-05
718,Priya,Kapoor,priya.kapoor718@mail.com,Kolkata,India,2022-01-17
719,Pooja,Gupta,pooja.gupta719@mail.com,Hyderabad,India,2024-02-10
720,Rahul,Mehta,rahul.mehta720@mail.com,Kolkata,India,2022-06-16
721,Pooja,Das,pooja.das721@mail.com,Chennai,India,2023-11-25
722,Vikram,Gupta,vikram.gupta722@mail.com,Mumbai,India,2024-03-20
723,Arjun,Kapoor,arjun.kapoor723@mail.com,Mumbai,India,2022-02-24
724,Vikram,Roy,vikram.roy724@mail.com,Mumbai,India,2024-05-08
725,Anjali,Reddy,anjali.reddy725@mail.com,Hyderabad,India,2024-02-27
726,Anjali,Sharma,anjali.sharma726@mail.com,Pune,India,2023-10-12
727,Sneha,Nair,sneha.nair727@mail.com,Chennai,India,2022-08-22
728,Arjun,Das,arjun.das728@mail.com,Bangalore,India,2023-03-19
729,Karan,Reddy,karan.reddy729@mail.com,Hyderabad,India,2023-11-08
730,Rahul,Reddy,rahul.reddy730@mail.com,Kolkata,India,2022-10-30
731,Isha,Verma,isha.verma731@mail.com,Pune,India,2022-03-26
732,Priya,Das,priya.das732@mail.com,Bangalore,India,2023-12-30
733,Isha,Das,isha.das733@mail.com,Chennai,India,2022-11-21
734,Rahul,Verma,rahul.verma734@mail.com,Pune,India,2022-01-06
735,Sneha,Kapoor,sneha.kapoor735@mail.com,Pune,India,2024-02-19
736,Rahul,Gupta,rahul.gupta736@mail.com,Bangalore,India,2022-03-31
737,Vikram,Nair,vikram.nair737@mail.com,Hyderabad,India,2023-07-25
738,Rahul,Sharma,rahul.sharma738@mail.com,Chennai,India,2022-04-02
739,Arjun,Verma,arjun.verma739@mail.com,Chennai,India,2023-09-04
740,Vikram,Sharma,vikram.sharma740@mail.com,Hyderabad,India,2022-10-26
741,Vikram,Verma,vikram.verma741@mail.com,Kolkata,India,2024-01-13
742,Pooja,Iyer,pooja.iyer742@mail.com,Hyderabad,India,2022-06-23
743,Priya,Gupta,priya.gupta743@mail.com,Pune,India,2022-10-03
744,Rohan,Nair,rohan.nair744@mail.com,Mumbai,India,2022-05-30
745,Priya,Das,priya.das745@mail.com,Hyderabad,India,2022-10-10
746,Rohan,Nair,rohan.nair746@mail.com,Mumbai,India,2024-03-12
747,Anjali,Mehta,anjali.mehta747@mail.com,Ahmedabad,India,2022-09-10
748,Pooja,Reddy,pooja.reddy748@mail.com,Ahmedabad,India,2022-07-20
749,Rahul,Gupta,rahul.gupta749@mail.com,Delhi,India,2022-11-08
750,Vikram,Kapoor,vikram.kapoor750@mail.com,Hyderabad,India,2024-05-11
751,Anjali,Nair,anjali.nair751@mail.com,Hyderabad,India,2022-12-09
752,Karan,Reddy,karan.reddy752@mail.com,Pune,India,2022-05-20
753,Anjali,Reddy,anjali.reddy753@mail.com,Kolkata,India,2023-12-13
754,Sneha,Kapoor,sneha.kapoor754@mail.com,Hyderabad,India,2022-07-01
755,Anjali,Mehta,anjali.mehta755@mail.com,Ahmedabad,India,2024-01-23
756,Pooja,Roy,pooja.roy756@mail.com,Hyderabad,India,2022-11-30
757,Rohan,Das,rohan.das757@mail.com,Mumbai,India,2023-01-09
758,Pooja,Roy,pooja.roy758@mail.com,Bangalore,India,2023-08-30
759,Karan,Iyer,karan.iyer759@mail.com,Ahmedabad,India,2022-01-28
760,Isha,Roy,isha.roy760@mail.com,Pune,India,2023-03-25
761,Isha,Verma,isha.verma761@mail.com,Hyderabad,India,2024-04-18
762,Karan,Nair,karan.nair762@mail.com,Pune,India,2022-05-23
763,Neha,Mehta,neha.mehta763@mail.com,Bangalore,India,2023-11-06
764,Isha,Das,isha.das764@mail.com,Hyderabad,India,2024-03-19
765,Rahul,Nair,rahul.nair765@mail.com,Ahmedabad,India,2023-09-05
766,Pooja,Das,pooja.das766@mail.com,Hyderabad,India,2023-07-02
767,Arjun,Sharma,arjun.sharma767@mail.com,Chennai,India,2024-03-20
768,Isha,Iyer,isha.iyer768@mail.com,Mumbai,India,2023-09-01
769,Rahul,Roy,rahul.roy769@mail.com,Chennai,India,2023-11-05
770,Priya,Reddy,priya.reddy770@mail.com,Hyderabad,India,2022-02-15
771,Anjali,Das,anjali.das771@mail.com,Delhi,India,2022-04-19
772,Rahul,Mehta,rahul.mehta772@mail.com,Kolkata,India,2022-08-16
773,Sneha,Kapoor,sneha.kapoor773@mail.com,Ahmedabad,India,2023-02-05
774,Karan,Reddy,karan.reddy774@mail.com,Bangalore,India,2023-12-09
775,Anjali,Sharma,anjali.sharma775@mail.com,Mumbai,India,2023-05-10
776,Rohan,Das,rohan.das776@mail.com,Mumbai,India,2022-03-29
777,Isha,Gupta,isha.gupta777@mail.com,Pune,India,2022-12-23
778,Anjali,Nair,anjali.nair778@mail.com,Kolkata,India,2024-03-14
779,Arjun,Nair,arjun.nair779@mail.com,Ahmedabad,India,2022-12-23
780,Rahul,Nair,rahul.nair780@mail.com,Ahmedabad,India,2024-01-10
781,Anjali,Verma,anjali.verma781@mail.com,Delhi,India,2022-11-04
782,Isha,Verma,isha.verma782@mail.com,Chennai,India,2022-01-24
783,Karan,Verma,karan.verma783@mail.com,Bangalore,India,2023-11-25
784,Isha,Roy,isha.roy784@mail.com,Bangalore,India,2023-06-13
785,Arjun,Gupta,arjun.gupta785@mail.com,Hyderabad,India,2022-12-05
786,Sneha,Roy,sneha.roy786@mail.com,Hyderabad,India,2024-03-27
787,Karan,Gupta,karan.gupta787@mail.com,Hyderabad,India,2022-07-10
788,Vikram,Sharma,vikram.sharma788@mail.com,Kolkata,India,2024-01-26
789,Sneha,Reddy,sneha.reddy789@mail.com,Hyderabad,India,2023-03-16
790,Amit,Roy,amit.roy790@mail.com,Pune,India,2022-07-30
791,Isha,Verma,isha.verma791@mail.com,Mumbai,India,2023-08-15
792,Arjun,Gupta,arjun.gupta792@mail.com,Chennai,India,2023-01-10
793,Neha,Nair,neha.nair793@mail.com,Pune,India,2022-04-27
794,Karan,Nair,karan.nair794@mail.com,Chennai,India,2023-06-25
795,Pooja,Das,pooja.das795@mail.com,Hyderabad,India,2023-09-18
796,Pooja,Verma,pooja.verma796@mail.com,Chennai,India,2022-12-23
797,Sneha,Reddy,sneha.reddy797@mail.com,Pune,India,2022-06-26
798,Pooja,Reddy,pooja.reddy798@mail.com,Bangalore,India,2022-03-28
799,Anjali,Verma,anjali.verma799@mail.com,Pune,India,2022-09-02
800,Rahul,Gupta,rahul.gupta800@mail.com,Bangalore,India,2023-01-18
