user_id,signup_date,country,segment
1,2022-04-13,USA,Standard
2,2023-03-12,UK,Standard
3,2024-05-10,Singapore,Standard
4,2022-09-28,Singapore,Standard
5,2022-04-17,India,Standard
6,2022-03-13,UAE,Gold
7,2023-12-02,UK,Standard
8,2022-01-21,Germany,Standard
9,2023-09-07,India,Platinum
10,2022-05-02,UK,Gold
11,2023-04-12,UK,Gold
12,2022-08-03,India,Standard
13,2022-11-27,Singapore,Gold
14,2023-04-04,UK,Standard
15,2022-03-29,Singapore,Standard
16,2023-01-08,India,Standard
17,2022-04-10,Singapore,Standard
18,2024-05-21,USA,Standard
19,2023-10-26,Germany,Standard
20,2022-05-11,UK,Platinum
21,2023-10-24,UAE,Platinum
22,2022-11-05,Germany,Gold
23,2024-02-09,Singapore,Standard
24,2022-12-10,UK,Gold
25,2023-05-07,Singapore,Standard
26,2023-02-18,USA,Gold
27,2024-03-16,India,Standard
28,2023-01-21,UK,Gold
29,2022-07-11,USA,Standard
30,2022-10-04,USA,Gold
31,2022-06-10,UK,Platinum
32,2023-04-05,Singapore,Standard
33,2022-11-10,UAE,Standard
34,2022-01-22,USA,Platinum
35,2022-09-10,Germany,Standard
36,2024-01-18,USA,Gold
37,2024-05-06,UAE,Standard
38,2023-07-15,Singapore,Standard
39,2023-04-20,Singapore,Standard
40,2022-02-28,Germany,Standard
41,2023-05-26,USA,Gold
42,2023-11-13,Singapore,Standard
43,2023-04-21,UAE,Standard
44,2023-12-01,UK,Standard
45,2024-02-22,India,Standard
46,2022-07-09,India,Gold
47,2023-11-18,India,Platinum
48,2023-07-17,USA,Standard
49,2024-05-25,Germany,Gold
50,2023-07-21,Singapore,Gold
51,2022-09-01,UK,Standard
52,2024-04-11,UAE,Platinum
53,2023-05-20,UK,Standard
54,2022-05-11,UAE,Standard
55,2023-04-30,USA,Gold
56,2024-03-29,India,Standard
57,2023-10-09,USA,Gold
58,2022-01-21,Germany,Gold
59,2024-04-20,Germany,Standard
60,2022-06-16,UAE,Gold
61,2022-10-01,Singapore,Standard
62,2023-01-23,Singapore,Standard
63,2023-08-24,UAE,Gold
64,2022-11-12,Germany,Platinum
65,2022-01-14,Germany,Standard
66,2022-08-30,Germany,Standard
67,2024-02-16,USA,Gold
68,2022-12-12,Germany,Gold
69,2023-07-19,UK,Gold
70,2024-06-16,India,Standard
71,2022-12-06,Germany,Standard
72,2022-04-02,UAE,Standard
73,2023-01-02,India,Gold
74,2023-03-31,USA,Standard
75,2023-03-04,UAE,Standard
76,2023-05-24,India,Platinum
77,2024-02-15,UAE,Standard
78,2022-02-04,USA,Platinum
79,2022-07-25,UK,Gold
80,2022-03-22,USA,Gold
81,2023-07-16,USA,Standard
82,2024-05-21,UAE,Standard
83,2023-01-23,Singapore,Gold
84,2022-01-02,Germany,Gold
85,2023-01-25,Germany,Gold
86,2023-07-20,UK,Standard
87,2022-04-16,UK,Gold
88,2024-02-11,Germany,Gold
89,2024-04-01,Singapore,Gold
90,2023-04-22,Germany,Gold
91,2023-12-04,Singapore,Gold
92,2023-02-06,UK,Gold
93,2023-12-31,India,Standard
94,2023-07-10,UAE,Standard
95,2022-06-11,UK,Standard
96,2022-07-21,UK,Standard
97,2022-09-27,USA,Standard
98,2024-05-12,USA,Standard
99,2024-03-26,USA,Standard
100,2022-09-28,UAE,Standard
101,2023-04-01,USA,Gold
102,2023-04-07,Singapore,Platinum
103,2023-12-28,Germany,Standard
104,2022-09-09,India,Platinum
105,2023-12-03,UK,Standard
106,2022-10-23,Singapore,Standard
107,2023-12-26,India,Standard
108,2023-12-21,Singapore,Standard
109,2024-01-19,Singapore,Gold
110,2022-12-04,UK,Gold
111,2024-05-28,Germany,Standard
112,2022-02-22,USA,Standard
113,2024-03-02,UAE,Standard
114,2022-08-05,Germany,Standard
115,2024-02-03,UAE,Standard
116,2022-07-07,UK,Standard
117,2023-01-15,UK,Gold
118,2023-05-08,UK,Platinum
119,2022-02-10,India,Standard
120,2022-06-06,UAE,Platinum
121,2022-01-15,Germany,Standard
122,2024-03-23,Germany,Standard
123,2022-03-06,Singapore,Standard
124,2024-05-06,Singapore,Gold
125,2024-04-18,Singapore,Platinum
126,2023-06-05,UK,Gold
127,2022-12-10,Germany,Standard
128,2022-05-09,UAE,Gold
129,2023-10-10,UK,Standard
130,2023-04-17,India,Gold
131,2022-03-04,Singapore,Standard
132,2022-05-19,UK,Standard
133,2023-05-14,UK,Standard
134,2023-08-16,India,Gold
135,2023-01-27,USA,Standard
136,2023-11-06,Germany,Gold
137,2023-02-23,UAE,Standard
138,2022-10-16,USA,Gold
139,2023-01-14,Singapore,Gold
140,2024-02-12,UK,Gold
141,2023-05-05,India,Standard
142,2022-08-19,India,Standard
143,2022-02-10,Germany,Standard
144,2022-01-28,USA,Gold
145,2022-05-15,Germany,Standard
146,2022-07-20,UK,Standard
147,2024-04-19,Germany,Standard
148,2024-02-19,UAE,Standard
149,2022-02-02,India,Gold
150,2022-02-17,India,Standard
151,2023-05-18,Singapore,Gold
152,2023-02-11,Singapore,Standard
153,2023-07-28,UK,Standard
154,2023-12-29,UAE,Standard
155,2024-03-15,USA,Standard
156,2022-04-09,Germany,Standard
157,2023-11-15,UK,Gold
158,2024-05-21,Singapore,Standard
159,2023-12-27,Germany,Gold
160,2023-07-01,Singapore,Standard
161,2024-01-09,Germany,Standard
162,2023-09-05,USA,Gold
163,2023-04-07,UK,Standard
164,2023-10-05,Germany,Standard
165,2024-02-08,UAE,Standard
166,2022-01-05,India,Standard
167,2022-08-06,UAE,Gold
168,2023-05-18,UAE,Standard
169,2024-02-06,India,Gold
170,2023-02-02,UAE,Gold
171,2024-05-20,Germany,Standard
172,2024-03-05,Germany,Platinum
173,2023-01-28,Germany,Standard
174,2022-07-26,India,Platinum
175,2022-01-15,UAE,Standard
176,2024-05-07,India,Gold
177,2023-07-08,Germany,Standard
178,2024-06-10,UAE,Standard
179,2023-04-06,UAE,Gold
180,2023-11-22,Singapore,Gold
181,2023-07-29,Singapore,Standard
182,2024-05-13,USA,Standard
183,2024-01-13,UK,Gold
184,2022-08-29,Singapore,Gold
185,2023-07-18,India,Platinum
186,2022-04-06,Singapore,Gold
187,2024-06-18,USA,Platinum
188,2024-01-04,UAE,Gold
189,2023-04-30,USA,Standard
190,2023-02-11,UAE,Standard
191,2022-08-19,UAE,Gold
192,2024-01-19,UK,Gold
193,2023-10-17,Singapore,Standard
194,2022-06-20,India,Standard
195,2023-06-25,India,Platinum
196,2022-02-05,Germany,Standard
197,2023-06-09,UAE,Standard
198,2022-06-09,India,Standard
199,2024-04-18,UK,Standard
200,2023-11-30,UAE,Standard
201,2022-08-31,UK,Standard
202,2022-03-27,India,Standard
203,2024-03-06,India,Gold
204,2023-08-01,Germany,Standard
205,2023-11-13,India,Gold
206,2023-07-11,UAE,Gold
207,2023-07-28,UAE,Standard
208,2023-10-08,UAE,Gold
209,2024-03-06,Germany,Standard
210,2022-01-28,Germany,Gold
211,2023-09-12,India,Standard
212,2023-07-10,USA,Gold
213,2022-12-06,USA,Gold
214,2024-03-08,Germany,Standard
215,2022-11-27,India,Standard
216,2023-10-02,USA,Gold
217,2023-05-21,India,Gold
218,2022-12-14,India,Standard
219,2023-04-18,India,Gold
220,2022-08-19,Singapore,Standard
221,2022-07-09,UAE,Gold
222,2022-08-13,India,Standard
223,2023-01-20,Singapore,Gold
224,2023-01-12,Germany,Standard
225,2022-10-10,USA,Standard
226,2023-09-25,UAE,Standard
227,2023-09-20,USA,Standard
228,2024-01-15,UAE,Standard
229,2022-09-16,USA,Standard
230,2022-12-25,UAE,Gold
231,2023-12-11,USA,Standard
232,2023-04-01,USA,Standard
233,2023-02-15,USA,Standard
234,2023-10-11,USA,Standard
235,2022-11-14,Germany,Standard
236,2023-11-08,India,Standard
237,2022-08-13,UK,Standard
238,2024-03-29,Singapore,Standard
239,2022-08-22,UK,Standard
240,2023-11-15,UK,Standard
241,2023-10-26,UAE,Standard
242,2024-04-06,India,Standard
243,2023-01-09,UAE,Platinum
244,2023-11-03,India,Standard
245,2023-08-31,India,Gold
246,2023-04-17,USA,Standard
247,2022-08-21,Germany,Gold
248,2023-11-23,USA,Gold
249,2022-04-23,Germany,Standard
250,2024-04-09,UAE,Platinum
251,2023-05-12,Germany,Standard
252,2023-03-18,UAE,Standard
253,2023-07-18,UK,Gold
254,2022-09-25,UK,Gold
255,2023-05-25,Germany,Standard
256,2024-03-17,Germany,Standard
257,2023-01-21,UAE,Standard
258,2023-01-22,USA,Standard
259,2022-04-23,UAE,Gold
260,2023-09-05,USA,Standard
261,2023-09-17,UK,Standard
262,2022-03-22,India,Standard
263,2023-11-30,Germany,Standard
264,2022-04-23,USA,Standard
265,2022-01-02,UAE,Gold
266,2023-10-04,UK,Platinum
267,2022-08-08,USA,Gold
268,2023-07-20,UAE,Standard
269,2024-05-04,Germany,Gold
270,2024-01-06,Germany,Gold
271,2022-08-13,Singapore,Gold
272,2023-01-20,India,Standard
273,2023-02-07,Singapore,Standard
274,2023-09-30,UK,Standard
275,2022-05-10,USA,Standard
276,2022-02-22,UK,Standard
277,2023-11-15,UAE,Standard
278,2023-12-31,Germany,Standard
279,2023-11-03,Singapore,Gold
280,2023-12-11,Singapore,Standard
281,2023-02-20,Singapore,Standard
282,2022-09-04,UK,Platinum
283,2024-04-15,Germany,Platinum
284,2023-03-15,USA,Gold
285,2022-07-22,UAE,Platinum
286,2022-07-03,USA,Standard
287,2022-05-03,UK,Platinum
288,2023-02-05,UAE,Standard
289,2024-02-06,Singapore,Standard
290,2022-10-21,India,Standard
291,2022-10-07,UK,Standard
292,2024-04-16,UK,Standard
293,2024-06-02,Germany,Gold
294,2023-09-02,USA,Gold
295,2022-07-17,UK,Standard
296,2023-05-26,UK,Standard
297,2024-01-22,Singapore,Gold
298,2022-05-24,Singapore,Gold
299,2023-09-01,UAE,Standard
300,2022-07-20,India,Gold
301,2022-05-04,Germany,Standard
302,2022-07-06,India,Standard
303,2022-11-22,UAE,Platinum
304,2023-04-09,Singapore,Standard
305,2022-12-15,USA,Standard
306,2024-02-10,Singapore,Gold
307,2023-10-22,Germany,Gold
308,2024-02-03,Singapore,Standard
309,2023-02-07,Germany,Standard
310,2022-12-12,Germany,Standard
311,2023-05-26,Germany,Gold
312,2022-05-27,UAE,Standard
313,2022-05-28,Germany,Standard
314,2024-05-13,Germany,Platinum
315,2023-12-12,USA,Standard
316,2024-03-30,India,Standard
317,2023-05-04,UK,Standard
318,2023-10-02,India,Gold
319,2023-07-05,Germany,Standard
320,2022-12-04,USA,Standard
321,2024-05-21,Singapore,Gold
322,2023-10-03,USA,Standard
323,2024-02-18,Germany,Standard
324,2023-04-18,USA,Standard
325,2022-05-31,USA,Standard
326,2023-02-19,Germany,Standard
327,2022-10-25,UAE,Standard
328,2023-09-03,USA,Standard
329,2022-09-20,UK,Standard
330,2024-02-03,UK,Gold
331,2022-05-24,USA,Platinum
332,2022-12-12,UAE,Gold
333,2023-09-16,Singapore,Gold
334,2023-07-26,Germany,Standard
335,2024-05-30,UK,Platinum
336,2022-01-02,Singapore,Standard
337,2024-06-15,USA,Platinum
338,2022-10-31,Singapore,Platinum
339,2022-09-11,India,Gold
340,2023-10-14,UK,Platinum
341,2023-03-29,USA,Standard
342,2022-02-06,Germany,Standard
343,2022-06-09,UAE,Standard
344,2022-01-09,USA,Standard
345,2022-08-21,Germany,Standard
346,2022-04-09,UAE,Gold
347,2023-10-21,UAE,Platinum
348,2024-03-26,USA,Standard
349,2022-07-27,Singapore,Gold
350,2022-05-11,Singapore,Platinum
351,2023-02-08,UAE,Platinum
352,2022-06-01,Singapore,Platinum
353,2022-02-23,India,Standard
354,2022-04-30,UAE,Platinum
355,2023-11-04,UAE,Gold
356,2023-09-20,Germany,Standard
357,2023-08-10,Singapore,Standard
358,2023-09-17,UAE,Gold
359,2023-02-24,India,Standard
360,2023-02-26,Germany,Gold
361,2022-04-14,USA,Gold
362,2024-05-01,UAE,Standard
363,2022-09-11,India,Standard
364,2022-08-15,UK,Gold
365,2022-04-22,India,Standard
366,2023-05-25,India,Standard
367,2023-04-18,Germany,Standard
368,2022-04-09,USA,Standard
369,2022-06-02,UK,Platinum
370,2024-05-10,Singapore,Standard
371,2024-06-14,Singapore,Gold
372,2024-05-27,India,Standard
373,2022-12-04,Germany,Standard
374,2023-12-07,Germany,Gold
375,2024-04-01,Singapore,Gold
376,2022-06-12,UK,Standard
377,2023-12-21,USA,Standard
378,2023-11-12,UK,Standard
379,2022-06-10,UAE,Standard
380,2023-08-03,UAE,Gold
381,2024-03-11,USA,Standard
382,2023-02-02,Singapore,Standard
383,2022-10-04,USA,Standard
384,2024-03-26,Germany,Platinum
385,2023-05-19,UAE,Platinum
386,2024-06-14,India,Standard
387,2023-01-27,India,Gold
388,2022-05-15,Singapore,Standard
389,2022-07-14,Germany,Standard
390,2023-02-05,UK,Gold
391,2023-10-02,Germany,Platinum
392,2022-02-02,India,Platinum
393,2023-11-19,India,Standard
394,2023-04-05,UAE,Standard
395,2024-06-01,Germany,Gold
396,2023-04-15,Germany,Standard
397,2023-01-10,India,Standard
398,2022-01-22,UK,Standard
399,2024-01-20,Singapore,Gold
400,2023-11-01,Singapore,Standard
401,2022-02-07,Germany,Standard
402,2022-08-18,Singapore,Platinum
403,2022-12-31,India,Standard
404,2023-07-17,India,Standard
405,2023-03-14,Germany,Standard
406,2024-02-15,Germany,Standard
407,2022-10-10,UAE,Standard
408,2022-01-27,Germany,Standard
409,2022-08-14,UK,Gold
410,2022-10-04,Singapore,Standard
411,2024-03-08,Germany,Platinum
412,2023-09-01,USA,Standard
413,2022-10-11,UAE,Standard
414,2024-05-28,USA,Standard
415,2023-04-26,India,Standard
416,2023-03-29,Singapore,Gold
417,2024-04-08,Germany,Standard
418,2024-03-26,USA,Standard
419,2023-10-21,Singapore,Gold
420,2023-05-31,India,Platinum
421,2023-07-01,UK,Gold
422,2022-07-11,UAE,Standard
423,2022-02-18,Singapore,Gold
424,2023-05-27,Singapore,Standard
425,2022-01-17,UK,Standard
426,2022-06-21,Singapore,Standard
427,2022-08-08,India,Standard
428,2022-06-07,India,Standard
429,2023-04-22,UK,Standard
430,2022-02-15,UAE,Gold
431,2023-01-08,Germany,Standard
432,2023-06-02,USA,Standard
433,2022-04-09,Germany,Standard
434,2024-06-10,Singapore,Platinum
435,2024-01-15,USA,Standard
436,2022-02-06,UK,Standard
437,2022-10-07,UK,Gold
438,2022-12-15,UAE,Gold
439,2023-05-12,USA,Standard
440,2022-10-29,India,Gold
441,2022-06-30,USA,Gold
442,2023-08-30,Singapore,Gold
443,2022-04-09,India,Standard
444,2023-12-01,UK,Gold
445,2022-04-26,USA,Standard
446,2022-07-10,Germany,Standard
447,2022-09-10,UAE,Standard
448,2022-06-10,Germany,Standard
449,2022-09-13,UAE,Standard
450,2022-11-19,Singapore,Gold
451,2022-05-08,Germany,Standard
452,2022-01-18,USA,Standard
453,2024-03-03,USA,Standard
454,2024-01-05,Germany,Standard
455,2023-07-20,USA,Platinum
456,2023-07-24,Singapore,Standard
457,2022-11-19,India,Standard
458,2024-05-21,Singapore,Standard
459,2023-11-17,UAE,Standard
460,2024-03-02,Singapore,Standard
461,2023-09-18,UAE,Gold
462,2022-10-15,USA,Platinum
463,2024-05-03,India,Standard
464,2023-10-25,USA,Gold
465,2023-10-01,UK,Gold
466,2022-06-04,USA,Gold
467,2023-05-05,UAE,Standard
468,2023-01-21,USA,Standard
469,2024-02-24,USA,Standard
470,2022-04-14,India,Gold
471,2023-01-28,USA,Gold
472,2024-03-21,India,Standard
473,2022-09-03,Germany,Standard
474,2022-06-25,UK,Platinum
475,2022-02-08,India,Gold
476,2023-04-22,UAE,Platinum
477,2023-11-13,Germany,Gold
478,2024-01-29,India,Standard
479,2023-06-22,India,Standard
480,2024-05-16,UK,Gold
481,2024-03-28,UAE,Standard
482,2023-02-12,Singapore,Standard
483,2023-06-09,Singapore,Gold
484,2024-04-07,India,Standard
485,2023-05-21,USA,Gold
486,2024-04-04,UAE,Standard
487,2022-02-05,Germany,Platinum
488,2023-11-16,USA,Standard
489,2022-01-20,USA,Standard
490,2022-11-17,UAE,Gold
491,2024-02-15,India,Standard
492,2023-05-27,India,Gold
493,2023-02-04,India,Gold
494,2023-10-16,India,Standard
495,2024-06-01,Singapore,Standard
496,2023-04-16,India,Standard
497,2022-05-23,Singapore,Standard
498,2022-04-02,Singapore,Platinum
499,2022-12-20,India,Gold
500,2024-04-13,UK,Gold
501,2024-03-10,Germany,Gold
502,2023-12-28,USA,Standard
503,2024-05-03,Singapore,Platinum
504,2022-02-20,UAE,Gold
505,2023-10-27,UAE,Gold
506,2023-11-29,Germany,Gold
507,2023-07-29,UAE,Standard
508,2022-07-09,UK,Gold
509,2022-05-05,UAE,Standard
510,2022-05-30,USA,Standard
511,2022-11-10,USA,Standard
512,2023-07-24,Singapore,Platinum
513,2022-12-08,India,Gold
514,2022-11-01,UK,Gold
515,2023-11-23,Singapore,Gold
516,2023-11-13,UK,Standard
517,2024-04-17,India,Platinum
518,2024-02-22,UAE,Standard
519,2022-02-23,UAE,Standard
520,2023-03-20,India,Standard
521,2023-09-05,Singapore,Gold
522,2022-09-21,India,Gold
523,2022-02-22,Germany,Standard
524,2023-07-26,USA,Standard
525,2023-09-12,Singapore,Gold
526,2022-01-05,UK,Standard
527,2022-04-13,Germany,Gold
528,2022-07-15,Singapore,Platinum
529,2024-02-13,India,Standard
530,2024-05-26,India,Standard
531,2024-06-02,India,Gold
532,2022-12-16,India,Gold
533,2022-02-16,UK,Standard
534,2024-05-16,Germany,Platinum
535,2024-04-02,UAE,Standard
536,2024-03-30,USA,Standard
537,2023-10-18,UK,Gold
538,2022-09-26,UK,Gold
539,2023-01-05,UAE,Standard
540,2023-09-28,UAE,Gold
541,2022-04-16,USA,Standard
542,2023-11-01,USA,Standard
543,2023-10-21,UAE,Standard
544,2023-10-19,India,Gold
545,2022-04-30,UK,Standard
546,2024-04-10,Singapore,Standard
547,2024-02-26,USA,Standard
548,2023-08-27,USA,Gold
549,2022-02-27,UAE,Gold
550,2022-12-12,Germany,Gold
551,2024-01-11,Singapore,Standard
552,2023-04-19,Singapore,Gold
553,2022-04-27,USA,Standard
554,2024-04-09,India,Gold
555,2024-03-01,Germany,Platinum
556,2022-05-07,Singapore,Standard
557,2023-01-28,USA,Gold
558,2023-10-03,Singapore,Standard
559,2022-02-27,Germany,Standard
560,2023-09-26,Germany,Standard
561,2023-05-28,UK,Standard
562,2024-01-21,UAE,Standard
563,2024-03-12,UAE,Gold
564,2022-04-06,USA,Standard
565,2023-09-30,Germany,Gold
566,2022-04-28,UK,Standard
567,2023-07-14,UK,Standard
568,2023-08-24,Singapore,Gold
569,2023-05-03,Singapore,Standard
570,2022-08-25,UK,Standard
571,2024-06-03,Singapore,Gold
572,2024-06-15,Germany,Standard
573,2022-09-29,India,Standard
574,2022-07-08,Germany,Standard
575,2023-12-05,UK,Platinum
576,2023-03-23,UK,Gold
577,2023-08-04,Germany,Gold
578,2024-02-29,Singapore,Gold
579,2024-05-10,Singapore,Standard
580,2022-09-04,UAE,Standard
581,2022-03-17,UK,Gold
582,2022-06-03,USA,Standard
583,2023-10-18,UAE,Standard
584,2023-03-11,Singapore,Standard
585,2022-03-27,Germany,Standard
586,2023-11-28,Singapore,Platinum
587,2022-10-12,Germany,Standard
588,2022-08-08,UAE,Standard
589,2022-03-10,UK,Standard
590,2022-02-16,Singapore,Platinum
591,2022-04-04,Germany,Standard
592,2024-01-20,UK,Standard
593,2023-03-29,USA,Gold
594,2022-07-23,Germany,Gold
595,2022-08-06,UAE,Standard
596,2023-04-19,USA,Standard
597,2023-03-08,USA,Standard
598,2022-12-07,India,Standard
599,2023-07-05,Singapore,Standard
600,2023-09-04,Germany,Standard
601,2022-10-16,USA,Standard
602,2022-09-11,India,Standard
603,2024-01-04,UAE,Gold
604,2022-12-23,UK,Platinum
605,2022-01-23,Germany,Gold
606,2024-02-01,USA,Standard
607,2023-06-06,Singapore,Standard
608,2024-01-28,India,Platinum
609,2024-04-16,USA,Standard
610,2022-04-10,Singapore,Standard
611,2024-03-12,USA,Standard
612,2022-06-29,Germany,Gold
613,2022-08-11,Germany,Gold
614,2024-02-01,Germany,Standard
615,2023-10-21,UAE,Standard
616,2023-03-18,UAE,Platinum
617,2023-08-31,India,Standard
618,2024-02-08,Germany,Gold
619,2022-11-21,Singapore,Gold
620,2023-05-31,USA,Gold
621,2022-01-16,UK,Standard
622,2024-03-02,Singapore,Standard
623,2022-12-02,UAE,Standard
624,2024-01-29,UAE,Gold
625,2022-09-15,Singapore,Platinum
626,2023-05-12,UAE,Standard
627,2024-06-14,Germany,Standard
628,2022-06-09,India,Platinum
629,2023-04-20,USA,Gold
630,2024-05-01,India,Gold
631,2023-10-26,USA,Standard
632,2023-11-21,USA,Standard
633,2023-11-06,India,Gold
634,2023-01-15,Singapore,Gold
635,2023-06-29,USA,Standard
636,2023-11-22,India,Standard
637,2023-03-03,USA,Standard
638,2023-09-05,UK,Standard
639,2022-09-25,Singapore,Standard
640,2024-04-14,Germany,Platinum
641,2023-07-31,USA,Standard
642,2023-02-21,UK,Gold
643,2022-06-17,Germany,Standard
644,2024-04-21,Germany,Gold
645,2022-02-12,USA,Platinum
646,2023-07-10,India,Standard
647,2022-10-12,USA,Standard
648,2023-02-01,UK,Standard
649,2022-01-12,Germany,Standard
650,2023-08-30,USA,Gold
651,2022-10-29,India,Platinum
652,2024-06-16,USA,Standard
653,2022-09-10,Singapore,Standard
654,2023-05-14,India,Standard
655,2024-01-24,UK,Gold
656,2022-02-04,Germany,Standard
657,2023-12-28,USA,Standard
658,2024-04-28,India,Gold
659,2022-03-31,Singapore,Gold
660,2024-02-15,India,Standard
661,2023-08-28,UAE,Gold
662,2023-08-25,Singapore,Standard
663,2023-02-22,UK,Standard
664,2022-04-25,Germany,Gold
665,2023-09-09,UK,Gold
666,2022-07-15,USA,Standard
667,2024-04-05,India,Standard
668,2023-05-16,UAE,Standard
669,2023-09-18,Singapore,Standard
670,2023-05-08,Singapore,Standard
671,2022-03-16,India,Standard
672,2023-02-17,UAE,Standard
673,2023-01-11,India,Gold
674,2023-02-24,USA,Gold
675,2023-12-30,UK,Gold
676,2022-10-04,Singapore,Standard
677,2024-01-31,USA,Platinum
678,2023-11-07,UK,Gold
679,2023-01-29,USA,Gold
680,2024-05-18,UAE,Gold
681,2023-04-02,Singapore,Platinum
682,2022-07-11,India,Standard
683,2024-01-09,India,Standard
684,2023-11-20,UK,Gold
685,2022-04-09,Germany,Gold
686,2023-07-02,UAE,Gold
687,2022-04-06,UK,Standard
688,2023-10-26,Germany,Standard
689,2023-10-25,USA,Standard
690,2022-07-09,UAE,Platinum
691,2024-01-06,USA,Standard
692,2022-02-06,Singapore,Standard
693,2024-02-19,UAE,Standard
694,2023-01-04,Germany,Standard
695,2023-11-26,Singapore,Gold
696,2023-06-09,India,Gold
697,2022-10-06,Germany,Gold
698,2022-08-05,UK,Standard
699,2024-05-16,India,Gold
700,2024-05-22,India,Standard
701,2024-03-08,UK,Gold
702,2022-09-30,UAE,Standard
703,2024-05-30,India,Standard
704,2022-03-03,Germany,Gold
705,2023-08-19,Singapore,Platinum
706,2024-05-29,India,Standard
707,2023-12-30,Germany,Gold
708,2022-12-08,USA,Standard
709,2023-02-01,Germany,Standard
710,2023-11-30,Singapore,Standard
711,2022-01-19,Germany,Standard
712,2022-06-26,UK,Standard
713,2023-09-04,Singapore,Standard
714,2023-01-31,UAE,Standard
715,2023-03-21,USA,Platinum
716,2022-08-21,UK,Standard
717,2022-03-17,UAE,Gold
718,2022-09-22,Germany,Standard
719,2023-03-31,Singapore,Gold
720,2024-03-06,USA,Standard
721,2023-12-19,UK,Standard
722,2024-01-05,UAE,Standard
723,2023-01-19,UAE,Standard
724,2023-07-18,USA,Standard
725,2024-04-30,Germany,Gold
726,2023-05-21,USA,Gold
727,2023-01-02,UAE,Gold
728,2022-05-24,India,Gold
729,2024-06-03,UK,Standard
730,2022-03-10,USA,Standard
731,2022-04-09,UAE,Standard
732,2023-01-31,Germany,Standard
733,2022-01-25,UAE,Standard
734,2024-06-09,Germany,Standard
735,2023-04-14,USA,Standard
736,2023-04-29,Germany,Standard
737,2023-07-19,Singapore,Gold
738,2022-05-31,Singapore,Gold
739,2022-05-24,Singapore,Standard
740,2023-07-23,India,Platinum
741,2022-02-08,USA,Platinum
742,2022-04-19,UAE,Standard
743,2023-11-24,UAE,Standard
744,2022-02-11,India,Standard
745,2022-07-05,Germany,Platinum
746,2023-02-02,India,Gold
747,2022-08-11,Germany,Standard
748,2023-09-26,Germany,Standard
749,2022-05-13,UK,Standard
750,2022-06-12,UAE,Standard
751,2022-08-03,Singapore,Standard
752,2024-01-03,Germany,Gold
753,2022-08-23,UK,Gold
754,2024-04-22,UAE,Gold
755,2023-10-20,Singapore,Gold
756,2024-01-21,Germany,Gold
757,2023-08-11,Germany,Standard
758,2022-01-09,India,Gold
759,2022-03-15,India,Standard
760,2023-05-07,UAE,Gold
761,2022-09-10,Singapore,Standard
762,2022-08-18,Germany,Gold
763,2023-06-03,UAE,Standard
764,2022-06-23,UAE,Standard
765,2023-10-15,USA,Standard
766,2022-06-17,India,Standard
767,2022-06-19,Singapore,Gold
768,2023-01-28,Germany,Gold
769,2024-03-05,UAE,Standard
770,2023-09-26,Germany,Standard
771,2022-07-13,USA,Standard
772,2023-06-01,Singapore,Standard
773,2022-01-29,UAE,Standard
774,2022-06-14,Germany,Gold
775,2023-02-26,India,Standard
776,2022-12-05,USA,Standard
777,2023-10-10,Singapore,Standard
778,2023-05-11,USA,Standard
779,2022-12-31,India,Standard
780,2024-04-12,Singapore,Gold
781,2022-12-08,USA,Standard
782,2023-05-15,UK,Standard
783,2023-10-19,India,Standard
784,2023-05-26,India,Standard
785,2022-11-23,India,Standard
786,2022-08-05,UK,Platinum
787,2022-10-28,UK,Gold
788,2022-05-12,Germany,Standard
789,2024-03-14,UAE,Standard
790,2022-03-11,USA,Standard
791,2022-09-09,Germany,Standard
792,2023-02-19,USA,Gold
793,2024-02-26,UAE,Gold
794,2023-03-21,UK,Standard
795,2024-05-25,UAE,Standard
796,2022-07-01,UK,Standard
797,2022-06-16,UAE,Gold
798,2022-04-01,Germany,Gold
799,2023-12-15,Singapore,Standard
800,2024-05-07,Germany,Standard
801,2023-06-15,USA,Gold
802,2022-02-08,Germany,Standard
803,2022-05-06,India,Standard
804,2023-03-27,USA,Standard
805,2022-06-22,UAE,Gold
806,2023-10-15,USA,Standard
807,2024-01-24,Singapore,Standard
808,2022-08-08,UK,Gold
809,2023-09-30,UAE,Standard
810,2022-02-27,USA,Standard
811,2023-10-22,UAE,Standard
812,2023-04-21,UAE,Standard
813,2023-04-01,UAE,Gold
814,2024-04-08,UK,Standard
815,2024-06-13,Germany,Standard
816,2022-12-27,UAE,Standard
817,2022-01-01,India,Gold
818,2023-01-22,Singapore,Gold
819,2022-12-14,UK,Standard
820,2022-07-09,USA,Standard
821,2023-05-20,UK,Gold
822,2022-07-10,USA,Standard
823,2023-05-23,UK,Gold
824,2023-01-04,USA,Gold
825,2023-02-13,UAE,Gold
826,2024-04-03,Germany,Standard
827,2022-04-27,USA,Standard
828,2022-05-14,USA,Gold
829,2022-02-27,India,Standard
830,2023-07-10,USA,Standard
831,2023-11-16,India,Gold
832,2023-11-03,Singapore,Gold
833,2022-06-22,UAE,Standard
834,2024-04-08,India,Standard
835,2024-03-25,Germany,Standard
836,2022-05-29,UAE,Gold
837,2022-03-21,India,Platinum
838,2024-06-04,UAE,Standard
839,2022-08-01,UAE,Standard
840,2022-07-22,UAE,Gold
841,2024-02-03,Singapore,Standard
842,2022-08-17,Germany,Standard
843,2023-11-07,UK,Platinum
844,2022-08-15,UK,Standard
845,2023-10-21,India,Gold
846,2023-06-16,UAE,Standard
847,2023-03-17,India,Standard
848,2023-02-06,Singapore,Gold
849,2022-02-16,Singapore,Standard
850,2022-08-21,USA,Platinum
851,2022-11-01,Singapore,Standard
852,2023-06-10,USA,Standard
853,2022-05-23,Germany,Standard
854,2023-02-19,India,Standard
855,2023-05-28,Germany,Standard
856,2023-01-08,Singapore,Standard
857,2023-07-20,Germany,Standard
858,2024-06-04,Germany,Standard
859,2022-09-16,Germany,Gold
860,2023-10-18,Singapore,Gold
861,2023-04-16,UAE,Gold
862,2022-01-12,Germany,Standard
863,2022-11-26,USA,Standard
864,2024-01-06,Singapore,Gold
865,2024-02-23,Germany,Standard
866,2022-12-24,UAE,Standard
867,2023-02-12,Singapore,Gold
868,2023-10-30,UK,Gold
869,2023-01-08,UAE,Standard
870,2022-01-08,USA,Standard
871,2022-05-02,Germany,Gold
872,2022-12-14,UK,Standard
873,2023-11-07,UK,Gold
874,2022-03-31,Singapore,Gold
875,2023-10-10,UK,Gold
876,2023-11-29,USA,Standard
877,2022-11-12,USA,Standard
878,2022-06-27,India,Gold
879,2023-06-24,USA,Gold
880,2024-01-02,UAE,Gold
881,2024-05-18,UK,Standard
882,2022-02-10,USA,Standard
883,2024-01-10,Singapore,Gold
884,2023-12-05,India,Gold
885,2023-05-17,UK,Platinum
886,2022-05-25,India,Gold
887,2022-07-20,UK,Standard
888,2023-12-25,Singapore,Gold
889,2023-04-06,India,Gold
890,2024-01-02,Germany,Standard
891,2024-01-22,UAE,Gold
892,2023-07-12,UAE,Standard
893,2023-07-01,UK,Standard
894,2022-09-10,Germany,Gold
895,2023-01-25,India,Standard
896,2023-08-17,Germany,Standard
897,2024-06-01,Germany,Standard
898,2022-09-13,India,Standard
899,2023-12-10,Singapore,Standard
900,2024-03-25,Germany,Standard
901,2023-03-26,Germany,Platinum
902,2022-01-10,Singapore,Standard
903,2024-04-03,Germany,Standard
904,2024-03-08,Germany,Standard
905,2022-08-30,Germany,Gold
906,2022-09-08,UAE,Standard
907,2024-05-26,USA,Gold
908,2022-01-05,Singapore,Gold
909,2022-04-29,Germany,Gold
910,2024-03-11,UAE,Standard
911,2023-01-09,Singapore,Gold
912,2022-03-06,UK,Standard
913,2022-05-26,UK,Platinum
914,2022-08-12,Germany,Gold
915,2022-08-27,UAE,Standard
916,2022-06-26,UAE,Standard
917,2024-02-18,Singapore,Standard
918,2024-05-02,Singapore,Gold
919,2022-10-09,UAE,Standard
920,2022-03-04,Singapore,Standard
921,2022-08-05,UAE,Standard
922,2024-05-03,USA,Gold
923,2024-04-06,UAE,Gold
924,2024-03-05,UK,Gold
925,2023-11-20,Singapore,Gold
926,2023-04-06,UAE,Standard
927,2023-09-02,UAE,Standard
928,2022-04-15,Singapore,Gold
929,2022-04-09,USA,Standard
930,2023-05-26,USA,Standard
931,2023-01-20,Singapore,Standard
932,2023-02-09,India,Standard
933,2024-04-02,Singapore,Standard
934,2023-06-02,Singapore,Gold
935,2023-04-21,USA,Standard
936,2023-12-10,USA,Standard
937,2024-05-12,Singapore,Standard
938,2023-10-07,Singapore,Gold
939,2024-05-19,Singapore,Standard
940,2024-02-10,USA,Gold
941,2023-03-13,Singapore,Gold
942,2022-01-23,Singapore,Standard
943,2023-07-19,Germany,Platinum
944,2023-11-08,India,Platinum
945,2023-12-15,UK,Gold
946,2023-04-03,India,Gold
947,2022-03-24,Germany,Standard
948,2022-05-25,UK,Standard
949,2022-03-26,Singapore,Standard
950,2022-03-19,Germany,Standard
951,2023-04-02,Singapore,Platinum
952,2024-05-27,USA,Standard
953,2022-01-01,UAE,Gold
954,2022-02-20,Germany,Gold
955,2023-11-16,USA,Gold
956,2023-12-18,Germany,Platinum
957,2024-02-11,Germany,Standard
958,2023-03-22,USA,Standard
959,2023-03-25,UK,Standard
960,2024-05-30,India,Standard
961,2023-05-03,Singapore,Standard
962,2024-03-10,Germany,Standard
963,2022-02-03,Singapore,Gold
964,2022-12-14,UAE,Standard
965,2022-04-05,USA,Standard
966,2022-03-13,Singapore,Gold
967,2023-07-05,USA,Standard
968,2022-06-03,Singapore,Standard
969,2022-09-07,India,Gold
970,2023-11-05,India,Gold
971,2023-03-14,India,Gold
972,2022-04-28,India,Standard
973,2024-02-10,India,Gold
974,2024-06-09,India,Gold
975,2022-11-02,USA,Standard
976,2022-09-25,Germany,Gold
977,2022-02-23,Singapore,Gold
978,2022-08-24,India,Standard
979,2023-01-24,USA,Standard
980,2024-01-04,USA,Platinum
981,2024-02-02,USA,Gold
982,2024-04-04,Germany,Standard
983,2023-02-05,Singapore,Gold
984,2023-09-16,Germany,Standard
985,2024-02-06,UK,Standard
986,2022-10-30,USA,Standard
987,2022-07-26,UK,Platinum
988,2022-08-17,UAE,Platinum
989,2024-05-02,India,Standard
990,2023-08-01,India,Standard
991,2022-03-16,Germany,Standard
992,2023-03-11,Singapore,Platinum
993,2022-04-13,UK,Platinum
994,2023-02-26,Singapore,Gold
995,2023-12-05,Germany,Gold
996,2024-02-03,India,Gold
997,2024-01-08,Singapore,Standard
998,2024-03-16,Singapore,Standard
999,2022-11-02,India,Standard
1000,2022-04-08,UK,Gold
1001,2024-04-29,India,Gold
1002,2024-03-08,Singapore,Standard
1003,2022-12-01,UK,Platinum
1004,2024-05-08,UK,Standard
1005,2023-03-11,India,Standard
1006,2023-03-23,Singapore,Gold
1007,2022-11-04,Germany,Gold
1008,2022-09-06,Singapore,Gold
1009,2022-06-15,USA,Standard
1010,2023-04-26,UAE,Standard
1011,2022-12-01,Germany,Gold
1012,2023-06-26,UK,Standard
1013,2024-01-29,Germany,Standard
1014,2022-04-16,UK,Gold
1015,2023-07-17,UK,Standard
1016,2022-03-22,Germany,Gold
1017,2022-05-13,UK,Gold
1018,2024-03-07,UK,Standard
1019,2024-06-18,USA,Standard
1020,2022-05-18,Singapore,Gold
1021,2022-07-03,Singapore,Gold
1022,2023-02-05,UAE,Gold
1023,2022-11-26,UAE,Gold
1024,2024-02-24,USA,Gold
1025,2023-05-23,UAE,Platinum
1026,2024-05-01,Germany,Standard
1027,2022-03-10,India,Standard
1028,2023-06-30,India,Standard
1029,2024-02-13,India,Standard
1030,2022-02-22,USA,Standard
1031,2023-03-26,USA,Standard
1032,2022-07-24,UK,Platinum
1033,2022-05-06,India,Standard
1034,2024-01-17,Germany,Standard
1035,2022-02-12,UAE,Standard
1036,2024-01-22,Germany,Standard
1037,2024-06-01,UAE,Standard
1038,2022-04-21,India,Standard
1039,2024-01-31,India,Standard
1040,2023-10-25,India,Gold
1041,2022-07-02,USA,Gold
1042,2024-04-27,UAE,Gold
1043,2022-04-05,USA,Gold
1044,2023-01-09,USA,Standard
1045,2023-06-04,Singapore,Gold
1046,2024-06-18,Germany,Gold
1047,2022-12-26,Germany,Standard
1048,2024-06-18,UK,Gold
1049,2023-11-27,USA,Standard
1050,2022-10-08,UAE,Gold
1051,2022-07-14,Singapore,Platinum
1052,2024-05-13,Singapore,Standard
1053,2022-07-14,Germany,Gold
1054,2023-10-29,USA,Gold
1055,2022-04-03,UK,Platinum
1056,2023-11-03,USA,Standard
1057,2022-03-02,India,Gold
1058,2023-09-26,USA,Standard
1059,2022-02-20,India,Standard
1060,2023-02-07,India,Standard
1061,2024-02-28,UK,Platinum
1062,2022-01-05,UAE,Gold
1063,2023-04-11,Germany,Gold
1064,2023-08-27,USA,Platinum
1065,2023-11-13,India,Standard
1066,2024-04-08,USA,Standard
1067,2023-06-18,UAE,Standard
1068,2023-02-09,Germany,Standard
1069,2024-04-17,UAE,Standard
1070,2023-05-28,Germany,Standard
1071,2023-10-07,Singapore,Standard
1072,2022-08-21,Germany,Standard
1073,2023-06-08,UK,Standard
1074,2022-12-12,UAE,Standard
1075,2022-02-15,India,Platinum
1076,2023-06-30,Singapore,Gold
1077,2022-03-19,UK,Platinum
1078,2023-12-31,USA,Standard
1079,2024-03-23,UAE,Standard
1080,2022-03-14,India,Gold
1081,2024-03-04,Germany,Standard
1082,2022-09-06,India,Standard
1083,2022-02-16,USA,Standard
1084,2022-05-01,Singapore,Standard
1085,2022-08-02,Singapore,Standard
1086,2022-08-27,UAE,Standard
1087,2022-02-25,Singapore,Gold
1088,2022-12-16,UAE,Standard
1089,2022-04-17,UAE,Standard
1090,2024-04-10,UAE,Gold
1091,2022-02-17,Germany,Standard
1092,2023-07-27,UK,Standard
1093,2022-12-03,UAE,Gold
1094,2022-01-26,UAE,Standard
1095,2024-03-14,UK,Standard
1096,2022-09-14,India,Standard
1097,2022-01-08,UAE,Standard
1098,2023-09-17,Germany,Standard
1099,2024-05-16,Singapore,Gold
1100,2022-09-10,Singapore,Standard
1101,2023-11-23,USA,Standard
1102,2023-12-20,USA,Standard
1103,2022-10-30,Singapore,Standard
1104,2023-10-01,Singapore,Gold
1105,2022-02-25,Germany,Standard
1106,2023-12-27,UK,Standard
1107,2023-06-10,USA,Standard
1108,2023-04-19,UK,Standard
1109,2022-01-28,Germany,Standard
1110,2022-03-19,Singapore,Gold
1111,2022-08-04,UAE,Standard
1112,2023-01-21,UK,Standard
1113,2022-12-31,Singapore,Standard
1114,2023-10-28,Singapore,Gold
1115,2023-06-10,India,Standard
1116,2023-11-30,UK,Gold
1117,2022-11-08,UAE,Gold
1118,2024-06-01,UK,Gold
1119,2022-01-07,Singapore,Standard
1120,2022-01-03,UAE,Standard
1121,2023-09-15,Germany,Gold
1122,2024-01-20,India,Platinum
1123,2022-12-29,Singapore,Gold
1124,2024-01-21,USA,Standard
1125,2023-05-23,USA,Standard
1126,2022-10-01,India,Standard
1127,2023-05-21,Germany,Gold
1128,2024-03-16,Singapore,Standard
1129,2024-01-09,UK,Standard
1130,2024-06-01,India,Gold
1131,2022-01-15,Germany,Standard
1132,2022-07-11,UK,Gold
1133,2023-09-23,USA,Standard
1134,2023-04-30,USA,Standard
1135,2022-01-28,UK,Standard
1136,2023-12-15,India,Gold
1137,2022-02-08,USA,Standard
1138,2022-09-30,Singapore,Standard
1139,2022-08-19,UAE,Platinum
1140,2022-03-27,UK,Standard
1141,2023-04-19,UK,Standard
1142,2022-05-06,USA,Standard
1143,2024-03-22,India,Standard
1144,2023-06-21,Singapore,Gold
1145,2022-05-25,India,Standard
1146,2023-06-09,Germany,Standard
1147,2022-07-31,Germany,Standard
1148,2022-01-25,UAE,Gold
1149,2023-08-03,USA,Standard
1150,2023-01-29,USA,Standard
1151,2022-03-08,USA,Standard
1152,2022-08-21,UAE,Standard
1153,2022-04-19,Germany,Standard
1154,2022-05-26,India,Standard
1155,2022-04-21,UAE,Gold
1156,2022-08-16,UAE,Standard
1157,2022-04-21,India,Platinum
1158,2023-04-15,USA,Platinum
1159,2022-02-03,Singapore,Standard
1160,2023-09-15,India,Standard
1161,2024-02-15,Germany,Standard
1162,2023-01-04,UK,Gold
1163,2024-01-18,UK,Standard
1164,2023-08-18,UAE,Standard
1165,2023-07-08,UK,Standard
1166,2023-03-01,Singapore,Gold
1167,2023-09-05,USA,Gold
1168,2023-06-02,Germany,Standard
1169,2023-11-23,Singapore,Gold
1170,2022-10-09,Germany,Standard
1171,2022-11-16,Germany,Standard
1172,2024-01-08,USA,Gold
1173,2023-03-19,UAE,Standard
1174,2022-11-11,UK,Standard
1175,2024-05-26,USA,Standard
1176,2024-01-11,Singapore,Gold
1177,2023-01-12,UAE,Gold
1178,2022-10-16,Singapore,Gold
1179,2023-03-13,UAE,Gold
1180,2023-10-24,Singapore,Standard
1181,2022-10-04,USA,Standard
1182,2023-12-11,UAE,Standard
1183,2023-08-05,UAE,Standard
1184,2023-05-18,Germany,Standard
1185,2023-09-16,Germany,Platinum
1186,2023-05-31,India,Standard
1187,2022-12-16,Singapore,Standard
1188,2024-04-22,Germany,Standard
1189,2023-03-22,India,Standard
1190,2024-04-09,Germany,Platinum
1191,2022-12-16,Singapore,Standard
1192,2023-08-30,UAE,Standard
1193,2023-10-26,UK,Gold
1194,2024-04-02,Singapore,Standard
1195,2022-05-17,USA,Standard
1196,2024-01-29,Germany,Standard
1197,2024-06-17,Germany,Standard
1198,2022-08-31,UAE,Platinum
1199,2023-06-27,USA,Gold
1200,2022-02-09,UAE,Standard
1201,2022-08-17,USA,Gold
1202,2023-07-02,UK,Standard
1203,2022-08-11,Germany,Standard
1204,2022-01-06,Germany,Standard
1205,2022-11-18,UK,Standard
1206,2023-04-13,India,Standard
1207,2024-01-02,UAE,Gold
1208,2022-03-16,UK,Platinum
1209,2022-01-04,UAE,Standard
1210,2024-04-26,Singapore,Standard
1211,2023-10-08,Germany,Standard
1212,2022-04-28,UAE,Standard
1213,2024-05-30,USA,Standard
1214,2023-08-29,UAE,Standard
1215,2023-05-19,Singapore,Gold
1216,2023-07-28,Germany,Standard
1217,2023-03-17,UK,Standard
1218,2022-07-13,Singapore,Standard
1219,2024-04-26,Germany,Standard
1220,2023-12-16,UAE,Standard
1221,2023-01-27,India,Gold
1222,2022-01-26,India,Standard
1223,2023-03-11,USA,Gold
1224,2022-06-22,Germany,Standard
1225,2022-10-27,India,Standard
1226,2023-10-07,UK,Standard
1227,2022-11-22,Germany,Gold
1228,2023-02-14,UK,Standard
1229,2022-04-28,UK,Gold
1230,2024-04-15,India,Standard
1231,2024-02-26,Germany,Gold
1232,2023-12-25,UAE,Standard
1233,2022-08-13,Singapore,Gold
1234,2023-06-16,India,Standard
1235,2022-04-23,India,Platinum
1236,2022-05-20,UAE,Standard
1237,2023-07-13,Germany,Standard
1238,2022-01-01,Germany,Standard
1239,2022-03-31,UK,Gold
1240,2023-10-16,UAE,Standard
1241,2022-11-16,UAE,Gold
1242,2023-07-04,Germany,Standard
1243,2024-03-15,UK,Standard
1244,2024-06-12,India,Standard
1245,2022-05-19,USA,Platinum
1246,2023-05-26,Singapore,Gold
1247,2024-05-17,India,Platinum
1248,2024-04-24,Germany,Standard
1249,2022-09-16,Singapore,Gold
1250,2023-11-04,USA,Gold
1251,2023-11-21,USA,Standard
1252,2022-01-10,UK,Gold
1253,2022-09-18,Singapore,Platinum
1254,2023-10-12,UK,Gold
1255,2022-06-21,India,Gold
1256,2024-06-16,UAE,Standard
1257,2022-01-13,UAE,Standard
1258,2022-06-17,UAE,Platinum
1259,2023-10-04,Singapore,Standard
1260,2023-08-19,UAE,Gold
1261,2022-11-17,India,Gold
1262,2022-11-15,UK,Gold
1263,2023-09-05,Singapore,Platinum
1264,2022-11-25,UK,Standard
1265,2024-02-24,Singapore,Standard
1266,2024-02-16,UK,Standard
1267,2023-07-04,USA,Standard
1268,2023-02-23,UK,Standard
1269,2023-08-29,UAE,Standard
1270,2022-04-05,USA,Gold
1271,2024-03-27,UK,Platinum
1272,2023-08-04,Singapore,Standard
1273,2022-11-14,Singapore,Standard
1274,2022-08-24,Singapore,Platinum
1275,2022-11-30,Germany,Standard
1276,2024-06-03,India,Standard
1277,2023-01-11,Singapore,Standard
1278,2023-04-04,USA,Standard
1279,2022-05-17,Singapore,Standard
1280,2023-08-11,Germany,Platinum
1281,2023-07-01,UAE,Standard
1282,2023-05-28,USA,Standard
1283,2022-10-23,Germany,Standard
1284,2022-11-16,UAE,Standard
1285,2023-07-26,USA,Gold
1286,2024-04-11,UK,Gold
1287,2022-12-15,India,Gold
1288,2024-04-19,India,Standard
1289,2024-02-18,Germany,Platinum
1290,2024-05-22,UAE,Gold
1291,2022-08-17,India,Gold
1292,2022-09-27,UAE,Standard
1293,2024-04-07,UAE,Standard
1294,2024-03-08,Germany,Standard
1295,2022-10-18,Germany,Gold
1296,2023-12-26,Germany,Standard
1297,2022-06-14,India,Standard
1298,2022-01-05,Germany,Gold
1299,2024-04-30,India,Gold
1300,2023-01-14,Germany,Platinum
1301,2022-03-19,Singapore,Standard
1302,2023-02-14,UAE,Gold
1303,2023-07-28,Germany,Standard
1304,2022-05-12,USA,Standard
1305,2023-08-24,UAE,Standard
1306,2024-01-19,UAE,Standard
1307,2022-02-11,Germany,Standard
1308,2022-03-30,UK,Gold
1309,2023-02-06,Germany,Standard
1310,2022-10-23,UAE,Gold
1311,2024-04-19,USA,Standard
1312,2022-10-22,UAE,Standard
1313,2023-09-08,USA,Standard
1314,2023-06-10,India,Standard
1315,2024-03-10,Singapore,Standard
1316,2023-11-22,UAE,Standard
1317,2023-09-29,Germany,Standard
1318,2023-02-26,India,Standard
1319,2024-05-14,Singapore,Standard
1320,2022-01-23,Germany,Platinum
1321,2023-07-29,UK,Standard
1322,2022-05-23,Germany,Gold
1323,2023-10-27,USA,Gold
1324,2022-05-25,USA,Platinum
1325,2022-08-13,UK,Gold
1326,2023-05-18,India,Standard
1327,2024-03-31,Singapore,Gold
1328,2023-09-08,Germany,Gold
1329,2022-04-14,USA,Standard
1330,2022-02-08,India,Standard
1331,2022-07-17,UK,Standard
1332,2023-10-08,UAE,Gold
1333,2023-08-02,USA,Gold
1334,2023-01-26,UK,Standard
1335,2022-06-28,Germany,Standard
1336,2023-07-08,Singapore,Standard
1337,2023-03-24,USA,Standard
1338,2023-05-15,USA,Platinum
1339,2022-01-15,Germany,Standard
1340,2023-09-15,UAE,Standard
1341,2023-10-31,India,Standard
1342,2022-10-16,Singapore,Gold
1343,2023-04-23,USA,Standard
1344,2022-08-19,Singapore,Gold
1345,2023-02-24,USA,Standard
1346,2022-06-06,Singapore,Standard
1347,2023-07-04,UK,Standard
1348,2023-03-17,USA,Standard
1349,2022-04-07,Singapore,Standard
1350,2023-02-15,India,Platinum
1351,2022-10-16,UK,Gold
1352,2022-09-11,UK,Platinum
1353,2022-07-15,India,Standard
1354,2023-08-21,Singapore,Platinum
1355,2024-04-13,Germany,Standard
1356,2023-06-06,India,Standard
1357,2023-06-01,Singapore,Standard
1358,2023-09-27,India,Standard
1359,2024-04-21,India,Gold
1360,2024-05-14,USA,Standard
1361,2022-04-28,Singapore,Standard
1362,2024-03-16,Germany,Gold
1363,2022-06-08,USA,Standard
1364,2024-03-25,India,Standard
1365,2022-08-16,UAE,Standard
1366,2024-05-26,India,Gold
1367,2022-08-04,India,Gold
1368,2023-11-27,Singapore,Standard
1369,2022-01-15,Singapore,Standard
1370,2022-06-06,USA,Standard
1371,2023-10-10,Germany,Gold
1372,2022-09-18,USA,Standard
1373,2022-06-06,UK,Standard
1374,2022-02-16,India,Standard
1375,2022-11-20,UAE,Standard
1376,2024-04-23,India,Standard
1377,2023-11-16,India,Gold
1378,2022-05-10,USA,Standard
1379,2023-02-15,UAE,Standard
1380,2022-04-05,UAE,Gold
1381,2023-09-19,UAE,Gold
1382,2024-01-25,USA,Standard
1383,2022-10-19,India,Standard
1384,2024-03-04,USA,Standard
1385,2024-03-21,Singapore,Platinum
1386,2022-10-10,Singapore,Standard
1387,2022-03-10,USA,Platinum
1388,2023-10-22,UAE,Gold
1389,2022-01-11,India,Standard
1390,2022-09-11,USA,Standard
1391,2024-04-21,USA,Standard
1392,2024-05-21,USA,Standard
1393,2023-07-04,UK,Standard
1394,2022-05-14,Singapore,Gold
1395,2023-12-13,UAE,Platinum
1396,2022-01-23,Germany,Standard
1397,2024-03-25,UAE,Gold
1398,2022-12-12,Germany,Standard
1399,2022-10-29,UK,Standard
1400,2022-12-29,USA,Standard
1401,2023-01-31,UK,Gold
1402,2022-08-06,UK,Platinum
1403,2022-05-21,India,Gold
1404,2023-09-08,Singapore,Standard
1405,2022-07-29,Germany,Standard
1406,2023-09-15,USA,Standard
1407,2023-09-08,Germany,Standard
1408,2024-04-07,UAE,Gold
1409,2023-11-14,Germany,Gold
1410,2023-04-05,UAE,Gold
1411,2022-12-22,Singapore,Standard
1412,2022-11-20,UAE,Standard
1413,2022-05-13,Germany,Standard
1414,2024-06-06,Germany,Standard
1415,2024-03-15,UAE,Standard
1416,2024-04-19,UK,Gold
1417,2022-05-07,Singapore,Gold
1418,2022-04-16,India,Standard
1419,2023-08-27,USA,Standard
1420,2024-03-09,Germany,Standard
1421,2023-01-13,USA,Standard
1422,2022-02-20,India,Gold
1423,2022-01-29,USA,Standard
1424,2023-04-07,India,Standard
1425,2022-10-23,UAE,Standard
1426,2022-10-24,UK,Gold
1427,2023-12-27,Germany,Standard
1428,2024-02-18,India,Standard
1429,2023-02-11,USA,Standard
1430,2024-02-08,Germany,Gold
1431,2024-03-24,UK,Platinum
1432,2023-09-05,UAE,Standard
1433,2023-02-09,Germany,Gold
1434,2022-12-12,India,Platinum
1435,2023-09-14,UK,Platinum
1436,2023-02-24,USA,Gold
1437,2022-07-01,UK,Gold
1438,2024-04-04,UK,Standard
1439,2022-01-01,Singapore,Gold
1440,2024-04-10,UK,Standard
1441,2023-07-21,UK,Gold
1442,2023-01-06,Germany,Standard
1443,2023-10-23,USA,Gold
1444,2023-03-07,Germany,Gold
1445,2022-11-05,Germany,Standard
1446,2022-05-17,India,Gold
1447,2022-07-21,Germany,Standard
1448,2023-03-12,Singapore,Gold
1449,2022-11-09,Singapore,Standard
1450,2022-04-27,India,Standard
1451,2023-10-28,UAE,Platinum
1452,2024-03-13,USA,Standard
1453,2023-07-29,USA,Gold
1454,2022-09-01,Germany,Standard
1455,2023-06-21,Germany,Standard
1456,2023-08-25,UAE,Standard
1457,2022-03-16,Germany,Standard
1458,2024-03-16,USA,Standard
1459,2023-01-21,UK,Standard
1460,2022-07-29,Singapore,Standard
1461,2023-04-20,UK,Standard
1462,2023-02-22,UK,Platinum
1463,2022-12-13,USA,Platinum
1464,2023-06-13,UK,Standard
1465,2023-10-02,UAE,Gold
1466,2024-05-25,India,Standard
1467,2024-02-02,Germany,Gold
1468,2022-06-28,India,Gold
1469,2022-07-01,Singapore,Platinum
1470,2023-10-26,Germany,Standard
1471,2022-01-25,UK,Gold
1472,2022-06-29,Singapore,Standard
1473,2023-12-11,Germany,Platinum
1474,2023-05-16,UAE,Standard
1475,2024-05-05,UAE,Gold
1476,2022-06-10,UAE,Gold
1477,2022-06-26,UAE,Gold
1478,2022-10-12,UK,Standard
1479,2022-03-04,India,Platinum
1480,2023-10-24,Germany,Standard
1481,2023-10-28,UK,Gold
1482,2022-06-05,UAE,Standard
1483,2024-05-31,India,Standard
1484,2023-04-14,Singapore,Standard
1485,2022-02-18,Singapore,Standard
1486,2024-04-28,Singapore,Standard
1487,2022-03-25,UAE,Standard
1488,2022-12-27,Singapore,Standard
1489,2023-11-20,USA,Gold
1490,2022-05-28,Germany,Gold
1491,2023-09-22,Germany,Standard
1492,2022-12-08,UAE,Standard
1493,2023-04-21,USA,Standard
1494,2022-03-04,UK,Standard
1495,2023-12-02,UK,Gold
1496,2022-12-26,Singapore,Gold
1497,2023-07-15,India,Standard
1498,2022-11-23,UK,Standard
1499,2024-02-08,India,Standard
1500,2024-01-06,Germany,Gold
1501,2022-05-21,India,Platinum
1502,2022-08-03,Germany,Standard
1503,2023-03-11,USA,Standard
1504,2024-06-09,USA,Gold
1505,2023-12-24,UAE,Platinum
1506,2022-11-14,UAE,Standard
1507,2022-02-01,Singapore,Standard
1508,2023-11-01,UK,Standard
1509,2022-10-12,Singapore,Standard
1510,2022-11-01,Germany,Standard
1511,2023-03-05,Singapore,Standard
1512,2023-04-22,India,Standard
1513,2022-10-13,Germany,Standard
1514,2022-05-24,UAE,Gold
1515,2023-02-28,USA,Standard
1516,2022-01-19,UAE,Standard
1517,2022-01-18,UK,Standard
1518,2024-02-08,Germany,Standard
1519,2023-08-13,Germany,Platinum
1520,2023-01-06,India,Standard
1521,2022-06-24,UK,Standard
1522,2022-07-13,USA,Gold
1523,2023-05-17,Germany,Standard
1524,2022-04-23,Germany,Platinum
1525,2022-04-24,India,Standard
1526,2022-08-10,Singapore,Standard
1527,2023-11-09,USA,Standard
1528,2024-04-10,UAE,Standard
1529,2023-10-06,UK,Gold
1530,2024-06-15,Germany,Gold
1531,2022-09-21,Germany,Standard
1532,2022-02-24,UAE,Standard
1533,2024-05-20,USA,Gold
1534,2023-10-05,Singapore,Platinum
1535,2024-03-10,Germany,Standard
1536,2024-02-17,USA,Standard
1537,2023-04-03,UAE,Standard
1538,2024-05-27,India,Gold
1539,2022-06-11,Singapore,Standard
1540,2023-01-15,UK,Standard
1541,2022-03-28,Germany,Gold
1542,2022-02-24,USA,Standard
1543,2023-04-21,India,Standard
1544,2024-03-10,UK,Standard
1545,2022-06-27,USA,Standard
1546,2023-01-26,USA,Standard
1547,2022-12-15,UK,Standard
1548,2022-01-08,India,Standard
1549,2024-04-12,UAE,Standard
1550,2022-11-09,India,Gold
1551,2024-01-29,Singapore,Gold
1552,2024-04-14,Germany,Standard
1553,2023-03-19,UK,Standard
1554,2024-02-06,UAE,Standard
1555,2022-11-24,UK,Standard
1556,2022-02-23,UK,Standard
1557,2024-01-31,India,Gold
1558,2022-08-27,Germany,Standard
1559,2022-08-17,Singapore,Standard
1560,2023-08-02,USA,Standard
1561,2022-02-20,USA,Gold
1562,2023-09-01,UK,Standard
1563,2023-08-27,Germany,Gold
1564,2022-09-21,UAE,Standard
1565,2023-02-22,India,Gold
1566,2024-03-13,Germany,Gold
1567,2022-04-06,Germany,Standard
1568,2022-03-29,India,Standard
1569,2022-03-19,UK,Standard
1570,2022-10-15,Germany,Standard
1571,2022-04-30,USA,Gold
1572,2024-03-24,India,Gold
1573,2023-05-06,UAE,Gold
1574,2023-03-28,Singapore,Gold
1575,2023-05-15,UK,Standard
1576,2022-06-14,India,Standard
1577,2022-07-01,Singapore,Gold
1578,2023-04-14,Singapore,Standard
1579,2024-01-05,UAE,Gold
1580,2024-04-02,Germany,Standard
1581,2022-01-07,UAE,Standard
1582,2022-11-26,Germany,Platinum
1583,2024-02-14,Germany,Standard
1584,2023-11-04,India,Platinum
1585,2022-05-31,India,Platinum
1586,2022-03-26,UK,Gold
1587,2022-05-27,Germany,Gold
1588,2023-09-16,Singapore,Standard
1589,2023-01-16,USA,Gold
1590,2023-07-02,UK,Standard
1591,2022-10-12,India,Standard
1592,2023-12-01,UAE,Gold
1593,2022-03-23,UK,Standard
1594,2023-05-29,UK,Standard
1595,2024-06-15,UK,Standard
1596,2024-03-25,UK,Standard
1597,2023-12-10,USA,Gold
1598,2023-06-07,UAE,Standard
1599,2024-01-16,UAE,Platinum
1600,2023-01-21,UAE,Gold
1601,2023-12-08,Germany,Gold
1602,2023-04-16,Singapore,Standard
1603,2022-04-29,UAE,Gold
1604,2023-01-31,UK,Standard
1605,2023-06-16,UK,Gold
1606,2022-09-18,UAE,Standard
1607,2024-03-15,UAE,Gold
1608,2022-09-13,UK,Platinum
1609,2024-01-04,Germany,Standard
1610,2022-08-14,India,Standard
1611,2022-02-22,India,Gold
1612,2024-05-16,UAE,Standard
1613,2023-05-15,USA,Gold
1614,2023-05-21,UAE,Standard
1615,2024-05-03,UAE,Standard
1616,2022-12-30,India,Platinum
1617,2022-10-07,UK,Gold
1618,2023-08-16,UAE,Gold
1619,2023-12-15,UK,Standard
1620,2022-06-07,UK,Gold
1621,2023-09-24,USA,Standard
1622,2022-02-28,UK,Gold
1623,2023-12-28,India,Gold
1624,2022-05-08,Germany,Standard
1625,2024-01-06,Germany,Standard
1626,2023-12-22,Singapore,Standard
1627,2024-05-31,UAE,Gold
1628,2022-04-25,India,Standard
1629,2022-07-28,UK,Gold
1630,2023-06-10,Germany,Standard
1631,2023-06-05,India,Gold
1632,2023-07-06,Germany,Gold
1633,2022-08-25,UK,Standard
1634,2022-10-08,Germany,Standard
1635,2022-12-25,UAE,Standard
1636,2022-07-20,UAE,Gold
1637,2024-01-28,Singapore,Gold
1638,2022-10-05,Singapore,Standard
1639,2022-08-23,Germany,Gold
1640,2023-05-09,India,Standard
1641,2022-01-04,UAE,Standard
1642,2023-10-28,India,Platinum
1643,2023-03-18,India,Standard
1644,2022-01-29,Germany,Standard
1645,2022-04-19,India,Standard
1646,2023-09-02,UAE,Standard
1647,2023-12-28,UK,Standard
1648,2024-03-15,Singapore,Standard
1649,2022-03-16,UK,Gold
1650,2024-04-17,India,Standard
1651,2022-05-26,UK,Standard
1652,2022-05-08,UAE,Standard
1653,2024-05-02,UAE,Standard
1654,2022-02-11,India,Gold
1655,2022-12-22,Germany,Platinum
1656,2022-02-10,UK,Standard
1657,2022-02-03,Germany,Gold
1658,2022-01-17,Germany,Standard
1659,2023-11-08,USA,Standard
1660,2022-06-02,India,Standard
1661,2023-01-13,Singapore,Standard
1662,2023-08-11,UAE,Standard
1663,2023-08-22,UAE,Gold
1664,2023-09-21,India,Standard
1665,2024-05-23,Singapore,Platinum
1666,2022-12-08,UAE,Standard
1667,2022-01-27,India,Standard
1668,2024-04-04,UAE,Gold
1669,2022-10-14,Germany,Standard
1670,2023-10-08,UK,Standard
1671,2024-01-01,UK,Gold
1672,2022-06-17,UAE,Platinum
1673,2023-09-02,USA,Gold
1674,2022-09-25,Singapore,Gold
1675,2024-01-19,Singapore,Gold
1676,2024-03-31,Singapore,Platinum
1677,2023-03-31,Germany,Standard
1678,2023-11-16,Singapore,Standard
1679,2023-02-05,UK,Standard
1680,2023-04-21,Germany,Standard
1681,2023-12-03,India,Gold
1682,2023-09-26,Singapore,Gold
1683,2023-07-12,Singapore,Standard
1684,2023-07-30,India,Standard
1685,2022-05-10,Singapore,Gold
1686,2024-04-01,India,Standard
1687,2022-12-29,Germany,Gold
1688,2023-12-06,UK,Standard
1689,2024-03-29,India,Standard
1690,2023-11-24,USA,Standard
1691,2022-10-19,India,Standard
1692,2023-01-06,Singapore,Gold
1693,2024-03-04,Germany,Platinum
1694,2022-01-29,UAE,Gold
1695,2022-05-29,Germany,Standard
1696,2024-02-18,UAE,Standard
1697,2022-10-23,India,Gold
1698,2022-01-11,UK,Gold
1699,2023-05-27,USA,Standard
1700,2023-11-07,Germany,Standard
1701,2022-04-23,Singapore,Gold
1702,2022-07-06,UAE,Standard
1703,2024-03-17,Singapore,Standard
1704,2024-01-14,UK,Standard
1705,2022-08-15,UAE,Standard
1706,2022-11-06,Germany,Gold
1707,2022-04-08,India,Platinum
1708,2022-02-24,Singapore,Standard
1709,2023-09-15,UK,Standard
1710,2023-10-26,Germany,Standard
1711,2024-01-28,Germany,Standard
1712,2023-02-10,Germany,Standard
1713,2022-03-10,Germany,Gold
1714,2022-11-08,UAE,Standard
1715,2022-10-16,Germany,Standard
1716,2024-02-01,Singapore,Standard
1717,2023-07-02,UK,Standard
1718,2024-01-21,UAE,Standard
1719,2022-05-28,Germany,Standard
1720,2023-04-12,USA,Platinum
1721,2024-01-09,USA,Standard
1722,2022-09-01,UK,Standard
1723,2023-05-06,India,Gold
1724,2024-04-28,India,Platinum
1725,2023-05-22,UAE,Standard
1726,2022-12-31,UAE,Gold
1727,2023-04-27,UAE,Standard
1728,2022-07-20,India,Standard
1729,2022-06-03,USA,Standard
1730,2023-03-26,India,Gold
1731,2023-05-16,Singapore,Gold
1732,2022-03-14,Germany,Standard
1733,2023-12-14,UAE,Standard
1734,2022-10-23,USA,Gold
1735,2022-01-17,UK,Standard
1736,2023-10-03,UK,Standard
1737,2022-08-05,Germany,Gold
1738,2022-03-02,USA,Gold
1739,2023-09-08,India,Gold
1740,2022-02-11,India,Gold
1741,2022-01-25,Singapore,Standard
1742,2022-02-08,Singapore,Gold
1743,2024-03-13,India,Gold
1744,2022-05-11,UK,Standard
1745,2023-05-13,UAE,Standard
1746,2022-08-17,UK,Standard
1747,2022-04-18,Singapore,Standard
1748,2022-06-21,Germany,Gold
1749,2023-03-11,India,Gold
1750,2023-04-23,Singapore,Standard
1751,2022-04-12,Singapore,Standard
1752,2024-05-15,UAE,Platinum
1753,2023-06-08,India,Standard
1754,2022-10-02,UAE,Standard
1755,2023-09-05,India,Standard
1756,2022-02-13,UAE,Standard
1757,2024-03-27,UK,Standard
1758,2022-01-17,Germany,Standard
1759,2022-11-26,Germany,Standard
1760,2023-07-23,India,Standard
1761,2024-04-02,USA,Standard
1762,2023-05-12,Singapore,Standard
1763,2024-03-25,Singapore,Gold
1764,2022-01-12,India,Gold
1765,2022-11-14,UAE,Standard
1766,2023-08-15,USA,Standard
1767,2022-08-04,UK,Gold
1768,2022-12-05,UAE,Standard
1769,2024-02-15,UAE,Standard
1770,2023-10-23,India,Gold
1771,2022-03-22,India,Gold
1772,2023-12-28,Singapore,Gold
1773,2023-04-30,India,Standard
1774,2023-01-09,India,Gold
1775,2023-12-11,India,Standard
1776,2022-07-19,Singapore,Gold
1777,2023-06-21,UK,Standard
1778,2023-04-11,UK,Standard
1779,2022-03-30,India,Gold
1780,2022-09-25,Singapore,Standard
1781,2023-10-17,UK,Standard
1782,2023-07-25,UAE,Platinum
1783,2023-05-04,UK,Standard
1784,2024-05-26,UK,Standard
1785,2023-06-22,Singapore,Standard
1786,2022-02-16,UAE,Gold
1787,2022-10-15,Singapore,Gold
1788,2024-02-17,India,Standard
1789,2022-01-16,Germany,Gold
1790,2023-12-12,UK,Standard
1791,2023-02-05,Germany,Gold
1792,2024-03-04,Singapore,Standard
1793,2022-03-27,Singapore,Standard
1794,2022-09-07,Singapore,Platinum
1795,2023-01-26,Germany,Standard
1796,2024-02-21,Singapore,Standard
1797,2022-12-01,India,Standard
1798,2023-09-21,Singapore,Platinum
1799,2023-06-03,USA,Standard
1800,2022-05-17,Germany,Standard
1801,2024-06-01,USA,Standard
1802,2023-11-19,Singapore,Standard
1803,2024-04-19,India,Standard
1804,2023-05-13,UK,Gold
1805,2024-04-06,UAE,Platinum
1806,2023-12-28,UAE,Standard
1807,2023-04-22,Singapore,Standard
1808,2023-08-17,India,Standard
1809,2022-08-11,Germany,Standard
1810,2023-01-07,USA,Gold
1811,2023-02-06,USA,Standard
1812,2023-03-19,USA,Standard
1813,2023-05-05,Germany,Gold
1814,2023-09-07,UAE,Standard
1815,2022-09-30,India,Gold
1816,2023-06-10,Germany,Standard
1817,2022-06-08,USA,Gold
1818,2022-06-01,Singapore,Platinum
1819,2023-09-12,UK,Gold
1820,2022-07-07,Germany,Platinum
1821,2024-03-23,Germany,Standard
1822,2022-04-08,India,Standard
1823,2022-05-11,India,Gold
1824,2024-03-15,Germany,Standard
1825,2022-06-20,USA,Standard
1826,2022-07-02,UK,Standard
1827,2022-12-30,India,Standard
1828,2022-02-08,USA,Standard
1829,2023-06-11,Singapore,Standard
1830,2024-06-06,India,Gold
1831,2023-05-12,USA,Standard
1832,2023-05-31,USA,Standard
1833,2022-12-15,UK,Standard
1834,2023-02-01,UK,Standard
1835,2023-12-23,Singapore,Gold
1836,2022-06-10,USA,Standard
1837,2022-01-16,UAE,Standard
1838,2023-05-08,USA,Gold
1839,2023-03-02,UK,Standard
1840,2022-04-18,UAE,Standard
1841,2024-06-12,India,Standard
1842,2023-03-26,India,Platinum
1843,2022-11-07,Germany,Standard
1844,2024-01-09,UK,Standard
1845,2022-06-19,Germany,Standard
1846,2023-06-30,UAE,Standard
1847,2023-02-18,UK,Standard
1848,2022-09-08,Singapore,Standard
1849,2024-01-29,USA,Standard
1850,2024-02-20,Singapore,Platinum
1851,2022-05-21,UAE,Gold
1852,2022-10-01,UK,Standard
1853,2023-02-20,UAE,Gold
1854,2023-08-31,USA,Standard
1855,2024-01-09,India,Standard
1856,2024-06-09,India,Gold
1857,2022-02-08,UAE,Gold
1858,2024-03-24,Germany,Gold
1859,2022-01-29,UK,Standard
1860,2023-04-22,UK,Platinum
1861,2022-11-14,India,Standard
1862,2022-09-02,Singapore,Gold
1863,2024-01-18,USA,Platinum
1864,2023-11-28,Singapore,Standard
1865,2022-09-29,Singapore,Gold
1866,2023-03-16,UAE,Standard
1867,2024-01-18,India,Standard
1868,2022-08-27,India,Standard
1869,2023-01-12,India,Standard
1870,2022-09-23,UAE,Platinum
1871,2022-12-25,Germany,Gold
1872,2022-12-06,Singapore,Standard
1873,2023-01-24,UAE,Gold
1874,2023-07-31,UK,Platinum
1875,2023-11-20,USA,Standard
1876,2022-01-03,Germany,Platinum
1877,2023-03-05,UK,Standard
1878,2022-05-22,Singapore,Gold
1879,2023-01-11,India,Standard
1880,2023-11-01,Singapore,Standard
1881,2022-11-20,UAE,Standard
1882,2022-05-26,USA,Gold
1883,2022-10-20,UAE,Standard
1884,2023-10-27,Germany,Standard
1885,2023-03-08,Germany,Standard
1886,2023-12-06,USA,Platinum
1887,2023-08-08,UK,Standard
1888,2023-02-03,UK,Standard
1889,2024-03-27,Germany,Standard
1890,2024-06-07,Germany,Standard
1891,2022-12-10,India,Gold
1892,2022-05-20,UK,Gold
1893,2022-07-06,USA,Standard
1894,2024-03-15,UK,Standard
1895,2022-03-02,India,Gold
1896,2023-01-15,UAE,Standard
1897,2023-12-11,Germany,Gold
1898,2024-03-17,Germany,Gold
1899,2023-03-16,India,Gold
1900,2022-11-15,USA,Standard
1901,2022-10-29,Germany,Standard
1902,2022-12-10,Singapore,Platinum
1903,2022-01-11,Germany,Standard
1904,2022-03-03,Singapore,Gold
1905,2024-04-24,India,Standard
1906,2022-08-14,India,Gold
1907,2022-06-02,Germany,Standard
1908,2023-12-12,UK,Standard
1909,2023-07-18,Singapore,Standard
1910,2024-02-11,USA,Gold
1911,2023-07-25,Germany,Gold
1912,2023-08-07,USA,Standard
1913,2023-10-22,Germany,Standard
1914,2024-05-10,UK,Gold
1915,2023-07-29,UK,Standard
1916,2022-11-06,UK,Standard
1917,2024-06-03,UAE,Standard
1918,2022-08-31,UK,Standard
1919,2023-05-08,India,Standard
1920,2023-01-01,India,Standard
1921,2022-11-26,UAE,Standard
1922,2022-04-17,Singapore,Standard
1923,2022-08-14,USA,Standard
1924,2024-04-04,Germany,Standard
1925,2022-08-06,Germany,Standard
1926,2024-01-23,UAE,Gold
1927,2023-05-21,India,Standard
1928,2022-09-16,Germany,Standard
1929,2024-06-06,India,Standard
1930,2024-02-13,Singapore,Standard
1931,2023-06-01,USA,Standard
1932,2024-02-12,Singapore,Standard
1933,2022-02-23,UAE,Gold
1934,2022-02-16,UK,Standard
1935,2023-12-28,UK,Platinum
1936,2023-11-20,UK,Standard
1937,2023-06-05,Singapore,Standard
1938,2022-04-09,Germany,Standard
1939,2022-01-20,USA,Standard
1940,2024-06-08,UK,Standard
1941,2024-01-23,UAE,Gold
1942,2023-07-27,UAE,Standard
1943,2024-06-09,UK,Platinum
1944,2023-05-05,UK,Gold
1945,2023-02-23,USA,Standard
1946,2023-11-21,UK,Standard
1947,2024-04-29,USA,Standard
1948,2022-03-03,UAE,Standard
1949,2022-05-25,UK,Standard
1950,2022-08-04,Singapore,Standard
1951,2022-01-03,Singapore,Standard
1952,2022-06-09,UAE,Standard
1953,2024-01-09,USA,Platinum
1954,2024-02-20,Singapore,Gold
1955,2022-04-30,USA,Platinum
1956,2024-06-11,Singapore,Standard
1957,2022-03-30,Singapore,Standard
1958,2022-11-25,USA,Standard
1959,2023-08-03,Germany,Standard
1960,2022-12-23,Singapore,Standard
1961,2023-09-02,UK,Gold
1962,2022-09-24,UAE,Gold
1963,2023-09-09,Germany,Standard
1964,2022-11-19,USA,Standard
1965,2023-09-27,Germany,Standard
1966,2023-06-25,India,Standard
1967,2023-10-11,India,Standard
1968,2022-07-14,Singapore,Standard
1969,2024-01-08,Singapore,Standard
1970,2022-11-28,UK,Platinum
1971,2022-06-19,UAE,Standard
1972,2023-06-05,Germany,Gold
1973,2023-04-08,India,Standard
1974,2022-02-09,Singapore,Standard
1975,2023-06-21,UAE,Standard
1976,2022-09-18,Germany,Standard
1977,2023-01-30,Singapore,Standard
1978,2022-08-14,Singapore,Gold
1979,2022-05-04,India,Gold
1980,2022-02-07,India,Standard
1981,2022-11-24,Singapore,Standard
1982,2022-09-08,USA,Platinum
1983,2022-06-25,Singapore,Standard
1984,2023-08-25,UAE,Standard
1985,2023-03-30,Singapore,Standard
1986,2022-02-06,UK,Gold
1987,2022-11-12,UK,Platinum
1988,2023-11-19,UK,Standard
1989,2024-03-06,USA,Gold
1990,2023-08-16,USA,Gold
1991,2022-04-24,Singapore,Standard
1992,2022-02-09,UK,Standard
1993,2022-10-28,USA,Standard
1994,2022-08-12,India,Platinum
1995,2022-11-14,Singapore,Standard
1996,2022-12-15,UAE,Gold
1997,2022-04-25,Germany,Standard
1998,2023-11-29,Singapore,Gold
1999,2022-11-19,Germany,Standard
2000,2023-07-22,UK,Standard
