transaction_id,timestamp,merchant_id,amount,currency,scheme,status,iso_response_code
TXN_1000,2026-04-09 16:31:00,Zomato_QAT,4237.89,EGP,Mada,Success,00
TXN_1001,2026-04-07 00:22:00,Meeza_EGY,3281.81,KWD,Visa,Success,00
TXN_1002,2026-04-04 18:23:00,Meeza_EGY,949.09,KWD,NAPS,Success,00
TXN_1003,2026-04-12 05:03:00,Meeza_EGY,2100.39,QAR,KNET,Timeout,91
TXN_1004,2026-04-02 11:19:00,Meeza_EGY,4574.73,EGP,NAPS,Success,00
TXN_1005,2026-04-03 09:20:00,Zomato_QAT,1832.92,QAR,NAPS,Success,00
TXN_1006,2026-04-14 19:12:00,Meeza_EGY,835.05,AED,NAPS,Success,00
TXN_1007,2026-04-13 21:07:00,Meeza_EGY,712.18,AED,NAPS,Success,00
TXN_1008,2026-04-11 19:35:00,Talabat_KWT,4958.98,AED,Meeza,Success,00
TXN_1009,2026-04-01 11:06:00,Amazon_UAE,1948.79,EGP,NAPS,Success,00
TXN_1010,2026-04-14 17:07:00,Noon_KSA,719.44,SAR,Mada,Success,00
TXN_1011,2026-04-08 08:17:00,Zomato_QAT,4481.11,AED,Visa,Success,00
TXN_1012,2026-04-13 12:18:00,Noon_KSA,4605.27,KWD,KNET,Timeout,91
TXN_1013,2026-04-09 21:16:00,Noon_KSA,3137.04,QAR,KNET,Success,00
TXN_1014,2026-04-08 17:27:00,Talabat_KWT,630.28,SAR,Mada,Success,00
TXN_1015,2026-04-03 21:17:00,Noon_KSA,1935.92,AED,Visa,Declined,54
TXN_1016,2026-04-05 14:30:00,Zomato_QAT,3208.23,AED,KNET,Timeout,91
TXN_1017,2026-04-03 08:55:00,Noon_KSA,4623.24,EGP,Mastercard,Success,00
TXN_1018,2026-04-14 15:10:00,Amazon_UAE,652.43,KWD,Mastercard,Success,00
TXN_1019,2026-04-08 20:45:00,Zomato_QAT,1650.39,QAR,Visa,Success,00
TXN_1020,2026-04-14 12:18:00,Noon_KSA,357.05,AED,Mada,Declined,61
TXN_1021,2026-04-01 16:08:00,Meeza_EGY,2954.17,QAR,NAPS,Success,00
TXN_1022,2026-04-03 00:56:00,Zomato_QAT,4548.04,AED,Visa,Success,00
TXN_1023,2026-04-09 19:15:00,Noon_KSA,1777.56,SAR,KNET,Success,00
TXN_1024,2026-04-01 13:54:00,Noon_KSA,3024.68,EGP,NAPS,Success,00
TXN_1025,2026-04-02 09:26:00,Zomato_QAT,1567.09,EGP,NAPS,Success,00
TXN_1026,2026-04-04 22:56:00,Amazon_UAE,4896.06,KWD,Visa,Timeout,91
TXN_1027,2026-04-11 18:15:00,Amazon_UAE,4418.88,EGP,Mada,Success,00
TXN_1028,2026-04-05 10:55:00,Talabat_KWT,207.77,SAR,KNET,Declined,05
TXN_1029,2026-04-05 08:43:00,Talabat_KWT,4759.35,AED,Visa,Success,00
TXN_1030,2026-04-13 11:26:00,Meeza_EGY,4317.41,QAR,KNET,Declined,61
TXN_1031,2026-04-04 09:29:00,Amazon_UAE,2207.94,KWD,KNET,Success,00
TXN_1032,2026-04-11 04:08:00,Noon_KSA,1276.49,SAR,KNET,Success,00
TXN_1033,2026-04-07 09:15:00,Zomato_QAT,4966.39,AED,Mada,Success,00
TXN_1034,2026-04-12 13:54:00,Zomato_QAT,136.79,SAR,Mastercard,Success,00
TXN_1035,2026-04-11 17:40:00,Amazon_UAE,438.64,KWD,Mada,System Error,96
TXN_1036,2026-04-10 07:51:00,Amazon_UAE,3782.49,KWD,Meeza,Success,00
TXN_1037,2026-04-02 09:44:00,Zomato_QAT,4469.04,KWD,Visa,Success,00
TXN_1038,2026-04-07 13:11:00,Zomato_QAT,3771.05,KWD,NAPS,Success,00
TXN_1039,2026-04-03 11:24:00,Amazon_UAE,4852.29,SAR,Visa,Success,00
TXN_1040,2026-04-12 07:55:00,Meeza_EGY,4770.82,KWD,Meeza,Success,00
TXN_1041,2026-04-07 21:37:00,Zomato_QAT,488.84,KWD,Mastercard,Success,00
TXN_1042,2026-04-04 02:03:00,Talabat_KWT,3430.08,AED,Visa,Success,00
TXN_1043,2026-04-12 14:26:00,Meeza_EGY,361.53,SAR,Visa,System Error,96
TXN_1044,2026-04-10 23:02:00,Amazon_UAE,10.82,KWD,KNET,Success,00
TXN_1045,2026-04-12 17:49:00,Amazon_UAE,4908.2,KWD,Visa,Declined,51
TXN_1046,2026-04-06 14:58:00,Meeza_EGY,4257.99,EGP,Meeza,Success,00
TXN_1047,2026-04-09 10:06:00,Noon_KSA,3455.0,QAR,Mada,Success,00
TXN_1048,2026-04-03 02:41:00,Zomato_QAT,2427.48,SAR,Meeza,Timeout,91
TXN_1049,2026-04-08 22:42:00,Meeza_EGY,4982.57,QAR,Mada,Timeout,91
TXN_1050,2026-04-07 03:43:00,Noon_KSA,4566.82,QAR,KNET,Timeout,91
TXN_1051,2026-04-10 04:29:00,Zomato_QAT,555.73,EGP,Mada,Success,00
TXN_1052,2026-04-02 12:04:00,Noon_KSA,1387.83,KWD,Meeza,Success,00
TXN_1053,2026-04-13 06:55:00,Meeza_EGY,1463.02,QAR,Visa,Timeout,91
TXN_1054,2026-04-05 10:42:00,Talabat_KWT,2917.94,KWD,NAPS,Success,00
TXN_1055,2026-04-10 20:46:00,Amazon_UAE,3602.38,SAR,NAPS,Success,00
TXN_1056,2026-04-11 20:01:00,Talabat_KWT,3376.69,SAR,NAPS,Success,00
TXN_1057,2026-04-04 05:40:00,Meeza_EGY,4705.45,KWD,Mada,Success,00
TXN_1058,2026-04-04 08:10:00,Amazon_UAE,2251.06,QAR,Mada,Success,00
TXN_1059,2026-04-01 05:07:00,Talabat_KWT,2208.15,KWD,KNET,System Error,96
TXN_1060,2026-04-01 18:14:00,Amazon_UAE,4542.12,EGP,KNET,Declined,05
TXN_1061,2026-04-03 16:16:00,Meeza_EGY,3302.09,QAR,Mada,Success,00
TXN_1062,2026-04-11 15:13:00,Amazon_UAE,1728.71,AED,KNET,Timeout,91
TXN_1063,2026-04-05 16:35:00,Meeza_EGY,4436.95,SAR,Visa,Success,00
TXN_1064,2026-04-02 21:54:00,Noon_KSA,1987.0,SAR,Mastercard,Success,00
TXN_1065,2026-04-03 18:50:00,Talabat_KWT,3352.3,AED,KNET,Success,00
TXN_1066,2026-04-10 08:02:00,Zomato_QAT,209.21,AED,Meeza,Declined,61
TXN_1067,2026-04-06 07:35:00,Zomato_QAT,1672.31,AED,Meeza,Success,00
TXN_1068,2026-04-05 12:12:00,Meeza_EGY,1634.19,KWD,Mada,Success,00
TXN_1069,2026-04-07 17:05:00,Noon_KSA,1508.34,KWD,NAPS,Success,00
TXN_1070,2026-04-10 13:20:00,Talabat_KWT,2404.35,EGP,Mastercard,Success,00
TXN_1071,2026-04-11 08:05:00,Noon_KSA,268.95,QAR,Visa,Success,00
TXN_1072,2026-04-13 16:18:00,Talabat_KWT,3227.07,QAR,Mastercard,Success,00
TXN_1073,2026-04-09 20:22:00,Meeza_EGY,2286.83,AED,Meeza,Success,00
TXN_1074,2026-04-09 04:22:00,Meeza_EGY,4168.71,SAR,Meeza,Success,00
TXN_1075,2026-04-01 11:54:00,Amazon_UAE,3259.84,EGP,Mada,Declined,05
TXN_1076,2026-04-07 10:31:00,Meeza_EGY,543.54,AED,NAPS,Success,00
TXN_1077,2026-04-05 00:37:00,Meeza_EGY,2525.46,QAR,KNET,Success,00
TXN_1078,2026-04-01 05:04:00,Talabat_KWT,210.09,QAR,NAPS,Success,00
TXN_1079,2026-04-07 16:27:00,Amazon_UAE,3840.49,AED,KNET,Success,00
TXN_1080,2026-04-07 00:08:00,Amazon_UAE,4857.92,SAR,Mada,Success,00
TXN_1081,2026-04-05 20:35:00,Meeza_EGY,4754.25,SAR,Visa,Success,00
TXN_1082,2026-04-11 00:39:00,Talabat_KWT,3578.1,SAR,Meeza,Success,00
TXN_1083,2026-04-14 14:14:00,Talabat_KWT,802.56,EGP,Mastercard,Success,00
TXN_1084,2026-04-09 07:45:00,Zomato_QAT,3154.37,QAR,Mada,Timeout,91
TXN_1085,2026-04-08 04:59:00,Talabat_KWT,2077.99,KWD,KNET,Success,00
TXN_1086,2026-04-09 10:38:00,Zomato_QAT,1612.33,AED,Mastercard,Success,00
TXN_1087,2026-04-10 22:07:00,Zomato_QAT,3522.56,SAR,Mada,Success,00
TXN_1088,2026-04-03 19:33:00,Zomato_QAT,4807.56,KWD,Mada,Success,00
TXN_1089,2026-04-04 21:06:00,Amazon_UAE,2357.91,SAR,NAPS,Success,00
TXN_1090,2026-04-06 23:55:00,Amazon_UAE,3373.3,EGP,Visa,Success,00
TXN_1091,2026-04-14 11:25:00,Meeza_EGY,658.12,AED,Meeza,Success,00
TXN_1092,2026-04-02 05:01:00,Zomato_QAT,2911.64,SAR,Mada,Success,00
TXN_1093,2026-04-04 23:25:00,Meeza_EGY,380.69,EGP,Mastercard,Success,00
TXN_1094,2026-04-09 04:23:00,Noon_KSA,2826.97,AED,Visa,Success,00
TXN_1095,2026-04-08 16:59:00,Talabat_KWT,1375.52,KWD,Mastercard,System Error,96
TXN_1096,2026-04-09 12:04:00,Amazon_UAE,1032.03,KWD,NAPS,Success,00
TXN_1097,2026-04-11 09:11:00,Amazon_UAE,3375.7,QAR,Meeza,Success,00
TXN_1098,2026-04-02 05:05:00,Talabat_KWT,3805.78,KWD,Visa,Success,00
TXN_1099,2026-04-05 14:17:00,Meeza_EGY,2269.5,AED,KNET,Success,00
TXN_1100,2026-04-09 09:32:00,Meeza_EGY,1442.25,AED,NAPS,Success,00
TXN_1101,2026-04-04 10:37:00,Meeza_EGY,2616.33,KWD,Mada,Success,00
TXN_1102,2026-04-14 18:11:00,Talabat_KWT,2799.23,KWD,KNET,Success,00
TXN_1103,2026-04-11 20:17:00,Meeza_EGY,2893.71,EGP,Mastercard,Success,00
TXN_1104,2026-04-11 12:35:00,Amazon_UAE,2098.38,SAR,Mastercard,Success,00
TXN_1105,2026-04-02 18:08:00,Amazon_UAE,4303.67,QAR,KNET,Success,00
TXN_1106,2026-04-03 23:53:00,Talabat_KWT,4261.26,AED,Visa,Success,00
TXN_1107,2026-04-03 09:49:00,Meeza_EGY,2476.27,QAR,NAPS,Success,00
TXN_1108,2026-04-05 11:06:00,Meeza_EGY,721.76,EGP,KNET,Success,00
TXN_1109,2026-04-12 10:33:00,Zomato_QAT,4409.07,EGP,Mada,Success,00
TXN_1110,2026-04-03 16:10:00,Zomato_QAT,2478.58,SAR,Visa,Success,00
TXN_1111,2026-04-10 08:02:00,Zomato_QAT,3475.87,EGP,Mada,Timeout,91
TXN_1112,2026-04-07 06:43:00,Zomato_QAT,2357.55,EGP,Visa,Timeout,91
TXN_1113,2026-04-06 19:38:00,Zomato_QAT,87.67,EGP,NAPS,Success,00
TXN_1114,2026-04-11 19:33:00,Zomato_QAT,2527.68,AED,Meeza,Declined,51
TXN_1115,2026-04-11 04:45:00,Noon_KSA,2870.22,EGP,Mastercard,Success,00
TXN_1116,2026-04-03 00:07:00,Noon_KSA,3123.87,QAR,Meeza,Success,00
TXN_1117,2026-04-07 15:29:00,Amazon_UAE,2956.26,KWD,NAPS,Success,00
TXN_1118,2026-04-11 16:19:00,Talabat_KWT,3956.79,AED,Visa,Success,00
TXN_1119,2026-04-14 18:35:00,Meeza_EGY,1538.54,AED,NAPS,Success,00
TXN_1120,2026-04-07 15:30:00,Noon_KSA,2640.03,SAR,Mada,Declined,61
TXN_1121,2026-04-03 17:53:00,Amazon_UAE,2514.61,KWD,Meeza,Success,00
TXN_1122,2026-04-04 19:31:00,Meeza_EGY,1379.0,KWD,Mastercard,Success,00
TXN_1123,2026-04-08 15:18:00,Meeza_EGY,697.12,EGP,KNET,Declined,61
TXN_1124,2026-04-02 04:48:00,Meeza_EGY,3289.1,QAR,Visa,Success,00
TXN_1125,2026-04-10 12:35:00,Meeza_EGY,4354.86,SAR,KNET,System Error,96
TXN_1126,2026-04-12 07:01:00,Meeza_EGY,1400.77,KWD,Mada,Declined,61
TXN_1127,2026-04-14 16:21:00,Talabat_KWT,2370.18,QAR,Meeza,Timeout,91
TXN_1128,2026-04-08 14:18:00,Talabat_KWT,3910.64,SAR,Visa,Success,00
TXN_1129,2026-04-14 19:00:00,Zomato_QAT,482.75,SAR,KNET,Timeout,91
TXN_1130,2026-04-02 09:22:00,Noon_KSA,4151.04,SAR,KNET,Success,00
TXN_1131,2026-04-04 08:07:00,Zomato_QAT,1687.69,AED,Mastercard,Success,00
TXN_1132,2026-04-11 14:16:00,Talabat_KWT,1455.46,KWD,Mada,Success,00
TXN_1133,2026-04-02 19:19:00,Zomato_QAT,1120.72,SAR,Meeza,Success,00
TXN_1134,2026-04-14 00:22:00,Talabat_KWT,939.75,SAR,Meeza,Success,00
TXN_1135,2026-04-04 12:29:00,Amazon_UAE,1025.68,EGP,Mastercard,Success,00
TXN_1136,2026-04-10 23:49:00,Talabat_KWT,4641.17,AED,Meeza,Success,00
TXN_1137,2026-04-01 06:20:00,Zomato_QAT,1629.18,SAR,Meeza,Success,00
TXN_1138,2026-04-13 17:54:00,Amazon_UAE,2757.34,EGP,Meeza,Success,00
TXN_1139,2026-04-07 23:51:00,Zomato_QAT,718.67,KWD,Visa,Success,00
TXN_1140,2026-04-03 04:09:00,Talabat_KWT,2624.71,QAR,Mada,Success,00
TXN_1141,2026-04-05 14:25:00,Zomato_QAT,4184.41,AED,Mada,Timeout,91
TXN_1142,2026-04-03 05:25:00,Noon_KSA,143.4,QAR,Meeza,Timeout,91
TXN_1143,2026-04-09 05:52:00,Zomato_QAT,1639.69,SAR,Mastercard,System Error,96
TXN_1144,2026-04-11 11:54:00,Meeza_EGY,1929.69,KWD,Visa,Success,00
TXN_1145,2026-04-06 19:24:00,Meeza_EGY,103.8,KWD,Meeza,Success,00
TXN_1146,2026-04-05 08:42:00,Noon_KSA,2057.07,AED,Mada,Success,00
TXN_1147,2026-04-09 23:52:00,Amazon_UAE,372.79,KWD,Visa,Success,00
TXN_1148,2026-04-05 03:39:00,Zomato_QAT,4896.88,KWD,NAPS,Success,00
TXN_1149,2026-04-12 11:28:00,Meeza_EGY,2219.87,EGP,Meeza,Success,00
TXN_1150,2026-04-13 08:08:00,Noon_KSA,4578.89,KWD,Mada,Success,00
TXN_1151,2026-04-03 03:02:00,Amazon_UAE,3939.17,EGP,Meeza,Success,00
TXN_1152,2026-04-02 07:27:00,Zomato_QAT,2810.5,SAR,Visa,Success,00
TXN_1153,2026-04-01 19:15:00,Talabat_KWT,1058.45,AED,Mastercard,Success,00
TXN_1154,2026-04-09 06:39:00,Talabat_KWT,1949.94,AED,Mada,Success,00
TXN_1155,2026-04-09 15:14:00,Talabat_KWT,1165.07,QAR,NAPS,Success,00
TXN_1156,2026-04-13 21:12:00,Zomato_QAT,2965.61,KWD,Meeza,Success,00
TXN_1157,2026-04-12 09:35:00,Noon_KSA,531.21,QAR,Visa,Success,00
TXN_1158,2026-04-01 16:59:00,Amazon_UAE,4998.08,AED,KNET,Success,00
TXN_1159,2026-04-08 18:04:00,Meeza_EGY,29.46,QAR,Mada,Success,00
TXN_1160,2026-04-04 10:11:00,Noon_KSA,3198.78,EGP,Mastercard,Success,00
TXN_1161,2026-04-08 00:07:00,Noon_KSA,4733.72,KWD,KNET,Success,00
TXN_1162,2026-04-05 05:31:00,Amazon_UAE,2380.95,KWD,Mada,Success,00
TXN_1163,2026-04-05 19:31:00,Talabat_KWT,413.13,EGP,KNET,Success,00
TXN_1164,2026-04-08 09:56:00,Noon_KSA,4015.58,KWD,Visa,Success,00
TXN_1165,2026-04-12 00:57:00,Meeza_EGY,2523.23,AED,NAPS,Success,00
TXN_1166,2026-04-07 14:27:00,Talabat_KWT,2395.18,AED,NAPS,Success,00
TXN_1167,2026-04-14 09:50:00,Noon_KSA,3299.2,QAR,Visa,Success,00
TXN_1168,2026-04-10 03:46:00,Meeza_EGY,3971.76,EGP,Mastercard,Success,00
TXN_1169,2026-04-08 17:51:00,Zomato_QAT,2563.82,SAR,Meeza,Success,00
TXN_1170,2026-04-14 00:41:00,Zomato_QAT,809.23,EGP,KNET,Declined,51
TXN_1171,2026-04-06 18:30:00,Zomato_QAT,4566.64,SAR,Meeza,Success,00
TXN_1172,2026-04-04 21:34:00,Meeza_EGY,173.0,AED,NAPS,Success,00
TXN_1173,2026-04-12 04:20:00,Zomato_QAT,1762.62,SAR,Meeza,Success,00
TXN_1174,2026-04-10 02:34:00,Zomato_QAT,3582.53,QAR,Mada,Success,00
TXN_1175,2026-04-13 23:37:00,Amazon_UAE,523.78,EGP,KNET,Success,00
TXN_1176,2026-04-04 18:35:00,Zomato_QAT,304.69,KWD,KNET,Success,00
TXN_1177,2026-04-01 07:27:00,Meeza_EGY,4723.56,EGP,KNET,Success,00
TXN_1178,2026-04-10 04:23:00,Noon_KSA,1474.32,KWD,Meeza,Success,00
TXN_1179,2026-04-10 16:22:00,Amazon_UAE,489.39,AED,Visa,Success,00
TXN_1180,2026-04-12 15:16:00,Amazon_UAE,1473.08,AED,Mastercard,Success,00
TXN_1181,2026-04-11 06:05:00,Meeza_EGY,3617.71,AED,NAPS,Success,00
TXN_1182,2026-04-06 11:14:00,Zomato_QAT,948.17,EGP,NAPS,Timeout,91
TXN_1183,2026-04-10 11:33:00,Amazon_UAE,1760.0,QAR,Visa,Timeout,91
TXN_1184,2026-04-01 14:58:00,Meeza_EGY,2221.95,KWD,NAPS,Timeout,91
TXN_1185,2026-04-07 01:04:00,Meeza_EGY,3807.14,EGP,Meeza,Success,00
TXN_1186,2026-04-11 17:24:00,Meeza_EGY,106.26,EGP,Mada,Success,00
TXN_1187,2026-04-04 03:37:00,Talabat_KWT,740.7,SAR,Meeza,Success,00
TXN_1188,2026-04-04 00:11:00,Talabat_KWT,646.94,EGP,Visa,Success,00
TXN_1189,2026-04-01 13:50:00,Talabat_KWT,4007.28,AED,NAPS,Success,00
TXN_1190,2026-04-06 02:59:00,Meeza_EGY,2099.96,KWD,KNET,Success,00
TXN_1191,2026-04-12 19:59:00,Amazon_UAE,1307.29,EGP,Mastercard,Success,00
TXN_1192,2026-04-09 03:26:00,Talabat_KWT,1447.91,QAR,Mastercard,Success,00
TXN_1193,2026-04-06 02:50:00,Noon_KSA,519.09,SAR,Mastercard,Success,00
TXN_1194,2026-04-03 02:01:00,Talabat_KWT,213.21,AED,NAPS,Success,00
TXN_1195,2026-04-02 09:21:00,Noon_KSA,1115.34,KWD,NAPS,Success,00
TXN_1196,2026-04-05 23:08:00,Talabat_KWT,4918.19,AED,Mastercard,Declined,05
TXN_1197,2026-04-03 16:37:00,Talabat_KWT,3280.41,AED,NAPS,Success,00
TXN_1198,2026-04-13 07:22:00,Noon_KSA,889.12,EGP,Mastercard,Declined,61
TXN_1199,2026-04-03 22:53:00,Amazon_UAE,1407.6,QAR,Mada,Success,00
TXN_1200,2026-04-11 16:48:00,Talabat_KWT,3426.94,EGP,NAPS,Success,00
TXN_1201,2026-04-13 23:26:00,Meeza_EGY,1644.69,AED,Visa,Declined,54
TXN_1202,2026-04-13 03:47:00,Noon_KSA,4353.93,KWD,NAPS,Timeout,91
TXN_1203,2026-04-06 14:45:00,Zomato_QAT,1837.59,QAR,Visa,Success,00
TXN_1204,2026-04-12 14:40:00,Meeza_EGY,2689.04,AED,Mastercard,Success,00
TXN_1205,2026-04-03 08:06:00,Noon_KSA,2529.08,KWD,Meeza,Declined,54
TXN_1206,2026-04-10 03:55:00,Talabat_KWT,4301.26,AED,Mastercard,Success,00
TXN_1207,2026-04-08 14:07:00,Talabat_KWT,1975.61,SAR,Meeza,Success,00
TXN_1208,2026-04-08 05:50:00,Noon_KSA,2249.72,EGP,Mastercard,Success,00
TXN_1209,2026-04-05 15:04:00,Talabat_KWT,3121.66,AED,Meeza,Success,00
TXN_1210,2026-04-10 20:17:00,Talabat_KWT,1534.7,QAR,KNET,Success,00
TXN_1211,2026-04-10 14:51:00,Meeza_EGY,1935.69,KWD,Meeza,Success,00
TXN_1212,2026-04-07 02:24:00,Zomato_QAT,1536.96,AED,Mada,Success,00
TXN_1213,2026-04-05 04:37:00,Meeza_EGY,3664.84,SAR,NAPS,Success,00
TXN_1214,2026-04-06 18:54:00,Talabat_KWT,3743.94,AED,Mada,Success,00
TXN_1215,2026-04-05 14:25:00,Zomato_QAT,2192.06,EGP,Mada,Success,00
TXN_1216,2026-04-03 07:51:00,Amazon_UAE,4252.08,KWD,Mastercard,Declined,54
TXN_1217,2026-04-13 01:27:00,Noon_KSA,4891.36,QAR,Mastercard,Success,00
TXN_1218,2026-04-11 08:55:00,Amazon_UAE,1827.54,SAR,Visa,Success,00
TXN_1219,2026-04-11 18:15:00,Talabat_KWT,4370.26,AED,KNET,Declined,54
TXN_1220,2026-04-11 12:54:00,Meeza_EGY,1878.69,AED,Meeza,Success,00
TXN_1221,2026-04-08 19:59:00,Zomato_QAT,2793.7,QAR,NAPS,Success,00
TXN_1222,2026-04-09 06:43:00,Talabat_KWT,4214.06,SAR,KNET,Success,00
TXN_1223,2026-04-14 06:25:00,Zomato_QAT,4279.54,AED,Mada,Success,00
TXN_1224,2026-04-08 11:12:00,Noon_KSA,4801.19,QAR,Visa,Success,00
TXN_1225,2026-04-05 19:24:00,Meeza_EGY,1277.94,AED,Meeza,Success,00
TXN_1226,2026-04-03 09:46:00,Amazon_UAE,3570.96,KWD,Mastercard,Success,00
TXN_1227,2026-04-02 13:56:00,Talabat_KWT,4402.15,AED,Mastercard,Success,00
TXN_1228,2026-04-06 19:56:00,Talabat_KWT,1921.47,KWD,NAPS,Success,00
TXN_1229,2026-04-03 18:57:00,Amazon_UAE,2854.36,KWD,Visa,Success,00
TXN_1230,2026-04-14 06:05:00,Meeza_EGY,770.32,KWD,Mastercard,Success,00
TXN_1231,2026-04-06 05:03:00,Noon_KSA,2565.92,SAR,KNET,Declined,61
TXN_1232,2026-04-14 03:52:00,Meeza_EGY,858.03,EGP,Meeza,Success,00
TXN_1233,2026-04-06 01:53:00,Noon_KSA,403.64,EGP,KNET,Success,00
TXN_1234,2026-04-07 11:58:00,Noon_KSA,98.92,KWD,KNET,Success,00
TXN_1235,2026-04-08 14:52:00,Noon_KSA,1483.27,SAR,Mada,Success,00
TXN_1236,2026-04-04 00:48:00,Meeza_EGY,744.52,KWD,Visa,Declined,61
TXN_1237,2026-04-02 09:47:00,Amazon_UAE,3521.26,AED,Visa,Success,00
TXN_1238,2026-04-09 07:38:00,Noon_KSA,3591.89,QAR,Meeza,Success,00
TXN_1239,2026-04-04 01:22:00,Meeza_EGY,1072.0,AED,Mastercard,Success,00
TXN_1240,2026-04-07 12:02:00,Zomato_QAT,3985.31,AED,Mastercard,Success,00
TXN_1241,2026-04-09 21:11:00,Zomato_QAT,3252.24,KWD,NAPS,Success,00
TXN_1242,2026-04-14 06:43:00,Amazon_UAE,2638.68,EGP,KNET,Success,00
TXN_1243,2026-04-09 05:04:00,Meeza_EGY,3946.86,SAR,Mastercard,Success,00
TXN_1244,2026-04-12 15:45:00,Zomato_QAT,519.91,EGP,NAPS,Success,00
TXN_1245,2026-04-12 17:27:00,Noon_KSA,3189.76,KWD,KNET,Timeout,91
TXN_1246,2026-04-09 04:44:00,Noon_KSA,3286.35,QAR,Visa,Success,00
TXN_1247,2026-04-12 08:56:00,Amazon_UAE,3890.53,AED,KNET,Declined,05
TXN_1248,2026-04-14 02:09:00,Talabat_KWT,1168.33,KWD,KNET,Success,00
TXN_1249,2026-04-03 10:40:00,Noon_KSA,1342.71,AED,Mastercard,Success,00
TXN_1250,2026-04-14 07:30:00,Amazon_UAE,279.92,AED,NAPS,Success,00
TXN_1251,2026-04-06 13:35:00,Talabat_KWT,2566.7,KWD,NAPS,Success,00
TXN_1252,2026-04-03 09:32:00,Meeza_EGY,3627.09,SAR,NAPS,Success,00
TXN_1253,2026-04-08 16:29:00,Amazon_UAE,3436.58,AED,Mada,Success,00
TXN_1254,2026-04-05 00:03:00,Talabat_KWT,2488.37,EGP,Mada,Success,00
TXN_1255,2026-04-10 00:26:00,Talabat_KWT,2367.25,AED,Mastercard,Success,00
TXN_1256,2026-04-12 22:24:00,Meeza_EGY,127.35,EGP,Mada,Success,00
TXN_1257,2026-04-05 03:21:00,Noon_KSA,4097.96,EGP,Visa,Success,00
TXN_1258,2026-04-13 08:28:00,Noon_KSA,1783.04,AED,Meeza,Success,00
TXN_1259,2026-04-02 04:33:00,Amazon_UAE,4870.0,EGP,Mastercard,System Error,96
TXN_1260,2026-04-07 03:05:00,Talabat_KWT,1283.37,KWD,Meeza,Success,00
TXN_1261,2026-04-03 18:37:00,Talabat_KWT,3218.67,EGP,Visa,Success,00
TXN_1262,2026-04-14 16:38:00,Zomato_QAT,4299.13,QAR,Mastercard,Success,00
TXN_1263,2026-04-03 12:10:00,Amazon_UAE,474.07,SAR,Mastercard,Timeout,91
TXN_1264,2026-04-13 13:43:00,Talabat_KWT,668.08,EGP,Visa,Success,00
TXN_1265,2026-04-13 12:43:00,Zomato_QAT,2845.93,EGP,Mastercard,Success,00
TXN_1266,2026-04-10 01:43:00,Noon_KSA,2060.02,KWD,Visa,Success,00
TXN_1267,2026-04-07 16:28:00,Noon_KSA,1259.07,SAR,Meeza,Success,00
TXN_1268,2026-04-13 03:45:00,Amazon_UAE,4225.48,EGP,KNET,Success,00
TXN_1269,2026-04-10 17:14:00,Meeza_EGY,250.74,AED,Visa,Success,00
TXN_1270,2026-04-13 14:20:00,Meeza_EGY,3422.31,AED,NAPS,Success,00
TXN_1271,2026-04-07 14:35:00,Zomato_QAT,4835.83,AED,KNET,Declined,61
TXN_1272,2026-04-14 17:49:00,Talabat_KWT,590.06,QAR,NAPS,Success,00
TXN_1273,2026-04-02 11:32:00,Noon_KSA,555.7,AED,Meeza,Success,00
TXN_1274,2026-04-05 10:51:00,Meeza_EGY,176.41,QAR,Meeza,Declined,54
TXN_1275,2026-04-07 17:27:00,Talabat_KWT,3557.9,SAR,Visa,Declined,54
TXN_1276,2026-04-10 20:00:00,Zomato_QAT,4713.02,AED,KNET,Declined,61
TXN_1277,2026-04-01 17:28:00,Amazon_UAE,3120.68,QAR,Meeza,Success,00
TXN_1278,2026-04-13 14:45:00,Meeza_EGY,2549.93,QAR,Meeza,Success,00
TXN_1279,2026-04-05 21:09:00,Noon_KSA,1569.66,AED,Mastercard,Success,00
TXN_1280,2026-04-01 20:34:00,Talabat_KWT,2343.25,QAR,Meeza,Declined,61
TXN_1281,2026-04-07 03:36:00,Amazon_UAE,2798.61,EGP,NAPS,Success,00
TXN_1282,2026-04-09 20:04:00,Meeza_EGY,3925.57,QAR,Visa,Success,00
TXN_1283,2026-04-02 00:47:00,Meeza_EGY,2889.04,KWD,Mastercard,Success,00
TXN_1284,2026-04-07 17:36:00,Zomato_QAT,2565.76,QAR,Mada,Success,00
TXN_1285,2026-04-06 10:11:00,Meeza_EGY,3562.4,EGP,NAPS,Success,00
TXN_1286,2026-04-07 16:56:00,Talabat_KWT,3430.35,SAR,NAPS,Declined,05
TXN_1287,2026-04-11 18:06:00,Amazon_UAE,935.56,SAR,KNET,Success,00
TXN_1288,2026-04-05 21:33:00,Talabat_KWT,3761.74,KWD,KNET,Success,00
TXN_1289,2026-04-04 18:22:00,Talabat_KWT,417.42,SAR,Meeza,Success,00
TXN_1290,2026-04-06 07:26:00,Zomato_QAT,1082.6,QAR,Meeza,Success,00
TXN_1291,2026-04-02 22:56:00,Amazon_UAE,2181.38,KWD,NAPS,Success,00
TXN_1292,2026-04-01 13:00:00,Amazon_UAE,4034.97,SAR,KNET,Success,00
TXN_1293,2026-04-09 08:28:00,Meeza_EGY,3583.57,AED,Meeza,Success,00
TXN_1294,2026-04-06 22:18:00,Meeza_EGY,1843.22,AED,Visa,Success,00
TXN_1295,2026-04-05 07:49:00,Zomato_QAT,4509.7,QAR,Visa,Success,00
TXN_1296,2026-04-01 21:50:00,Noon_KSA,4391.59,AED,Meeza,Timeout,91
TXN_1297,2026-04-05 22:31:00,Noon_KSA,1081.19,QAR,Mastercard,Success,00
TXN_1298,2026-04-04 16:11:00,Amazon_UAE,4821.34,EGP,NAPS,Success,00
TXN_1299,2026-04-09 22:32:00,Meeza_EGY,3476.1,SAR,NAPS,Success,00
TXN_1300,2026-04-02 00:54:00,Meeza_EGY,1061.94,AED,Visa,Success,00
TXN_1301,2026-04-01 01:32:00,Amazon_UAE,1430.99,SAR,NAPS,Success,00
TXN_1302,2026-04-07 04:30:00,Meeza_EGY,761.81,EGP,NAPS,Success,00
TXN_1303,2026-04-04 18:01:00,Noon_KSA,2188.22,SAR,NAPS,Success,00
TXN_1304,2026-04-04 23:50:00,Talabat_KWT,4716.21,KWD,Mastercard,Success,00
TXN_1305,2026-04-01 04:16:00,Meeza_EGY,3063.34,EGP,NAPS,Success,00
TXN_1306,2026-04-08 17:36:00,Noon_KSA,2487.72,SAR,Mastercard,Success,00
TXN_1307,2026-04-04 08:06:00,Zomato_QAT,1632.01,QAR,Mada,Success,00
TXN_1308,2026-04-11 18:39:00,Talabat_KWT,3527.89,KWD,Visa,Success,00
TXN_1309,2026-04-02 20:17:00,Zomato_QAT,4562.99,EGP,Meeza,Success,00
TXN_1310,2026-04-14 11:43:00,Amazon_UAE,3478.44,EGP,Meeza,Success,00
TXN_1311,2026-04-03 08:41:00,Noon_KSA,416.43,EGP,KNET,Success,00
TXN_1312,2026-04-06 07:17:00,Noon_KSA,4163.25,QAR,Visa,Success,00
TXN_1313,2026-04-11 14:29:00,Talabat_KWT,2031.09,KWD,Meeza,System Error,96
TXN_1314,2026-04-02 09:52:00,Zomato_QAT,2573.05,QAR,Mada,Success,00
TXN_1315,2026-04-09 03:42:00,Talabat_KWT,274.26,EGP,Mastercard,Success,00
TXN_1316,2026-04-12 01:38:00,Zomato_QAT,4222.19,AED,Visa,Success,00
TXN_1317,2026-04-06 19:52:00,Talabat_KWT,4978.4,QAR,Meeza,Success,00
TXN_1318,2026-04-09 23:05:00,Noon_KSA,522.02,AED,Visa,Success,00
TXN_1319,2026-04-01 01:39:00,Zomato_QAT,4664.48,AED,Mastercard,Declined,54
TXN_1320,2026-04-14 07:33:00,Noon_KSA,3002.41,EGP,Visa,Success,00
TXN_1321,2026-04-13 20:16:00,Meeza_EGY,4725.18,SAR,KNET,Success,00
TXN_1322,2026-04-02 02:47:00,Meeza_EGY,4013.49,EGP,Mada,Success,00
TXN_1323,2026-04-10 14:13:00,Amazon_UAE,4250.34,SAR,NAPS,Success,00
TXN_1324,2026-04-05 16:50:00,Zomato_QAT,3328.96,KWD,Mastercard,Success,00
TXN_1325,2026-04-06 09:58:00,Noon_KSA,4905.84,QAR,Mada,Success,00
TXN_1326,2026-04-14 14:34:00,Meeza_EGY,1356.34,EGP,Visa,Success,00
TXN_1327,2026-04-13 04:14:00,Noon_KSA,461.49,AED,NAPS,Declined,61
TXN_1328,2026-04-14 10:42:00,Talabat_KWT,1843.64,KWD,KNET,Success,00
TXN_1329,2026-04-02 19:06:00,Meeza_EGY,2093.42,SAR,KNET,Success,00
TXN_1330,2026-04-12 09:03:00,Meeza_EGY,262.12,KWD,Mastercard,Success,00
TXN_1331,2026-04-10 19:32:00,Talabat_KWT,18.7,SAR,KNET,Success,00
TXN_1332,2026-04-03 23:01:00,Zomato_QAT,3109.98,EGP,Meeza,Success,00
TXN_1333,2026-04-06 06:51:00,Meeza_EGY,4401.62,SAR,Mastercard,Success,00
TXN_1334,2026-04-03 12:11:00,Meeza_EGY,3550.42,AED,KNET,Success,00
TXN_1335,2026-04-14 05:45:00,Talabat_KWT,115.61,KWD,KNET,Success,00
TXN_1336,2026-04-13 02:53:00,Talabat_KWT,3374.5,AED,Mada,System Error,96
TXN_1337,2026-04-10 01:45:00,Noon_KSA,1921.91,KWD,Mastercard,Success,00
TXN_1338,2026-04-09 04:15:00,Meeza_EGY,3597.39,QAR,KNET,Declined,05
TXN_1339,2026-04-07 10:25:00,Noon_KSA,2943.62,EGP,Mada,Success,00
TXN_1340,2026-04-03 01:59:00,Noon_KSA,4526.98,EGP,Mastercard,Success,00
TXN_1341,2026-04-13 03:40:00,Meeza_EGY,2090.87,AED,KNET,Success,00
TXN_1342,2026-04-01 06:42:00,Meeza_EGY,2393.48,AED,KNET,Success,00
TXN_1343,2026-04-12 05:14:00,Meeza_EGY,2484.05,EGP,Mastercard,Declined,51
TXN_1344,2026-04-03 03:01:00,Noon_KSA,3216.7,QAR,Meeza,Success,00
TXN_1345,2026-04-06 01:33:00,Zomato_QAT,1398.59,KWD,Mastercard,Declined,54
TXN_1346,2026-04-05 06:11:00,Noon_KSA,3834.35,KWD,Mastercard,Declined,61
TXN_1347,2026-04-06 22:37:00,Talabat_KWT,4214.87,KWD,Meeza,Success,00
TXN_1348,2026-04-06 23:12:00,Meeza_EGY,1670.95,KWD,Meeza,Declined,05
TXN_1349,2026-04-11 15:51:00,Zomato_QAT,1891.72,QAR,NAPS,Success,00
TXN_1350,2026-04-02 16:34:00,Noon_KSA,2515.84,QAR,KNET,Success,00
TXN_1351,2026-04-08 08:13:00,Amazon_UAE,3182.94,EGP,NAPS,Success,00
TXN_1352,2026-04-07 21:01:00,Amazon_UAE,2171.35,QAR,Mada,Success,00
TXN_1353,2026-04-11 09:28:00,Amazon_UAE,4873.36,SAR,KNET,Success,00
TXN_1354,2026-04-08 11:25:00,Zomato_QAT,1257.76,QAR,NAPS,Declined,54
TXN_1355,2026-04-14 09:15:00,Meeza_EGY,3375.31,SAR,Mastercard,Success,00
TXN_1356,2026-04-11 19:06:00,Amazon_UAE,449.79,KWD,Visa,Success,00
TXN_1357,2026-04-08 15:40:00,Noon_KSA,607.94,SAR,Mada,Success,00
TXN_1358,2026-04-10 11:43:00,Zomato_QAT,901.35,AED,Visa,Success,00
TXN_1359,2026-04-05 05:20:00,Amazon_UAE,4531.01,EGP,Visa,Success,00
TXN_1360,2026-04-02 10:36:00,Noon_KSA,877.22,SAR,NAPS,Success,00
TXN_1361,2026-04-13 16:00:00,Zomato_QAT,2561.11,QAR,Visa,Success,00
TXN_1362,2026-04-13 06:22:00,Noon_KSA,44.85,KWD,Mada,Success,00
TXN_1363,2026-04-10 18:20:00,Noon_KSA,2008.23,EGP,NAPS,Success,00
TXN_1364,2026-04-08 11:21:00,Meeza_EGY,2460.3,AED,KNET,Declined,05
TXN_1365,2026-04-02 17:26:00,Amazon_UAE,4426.95,QAR,Visa,Success,00
TXN_1366,2026-04-02 14:12:00,Meeza_EGY,676.78,SAR,KNET,Success,00
TXN_1367,2026-04-04 11:36:00,Zomato_QAT,2327.92,QAR,Mada,Success,00
TXN_1368,2026-04-01 02:46:00,Meeza_EGY,3022.17,KWD,Visa,Declined,54
TXN_1369,2026-04-12 14:08:00,Amazon_UAE,181.44,SAR,Mada,Timeout,91
TXN_1370,2026-04-02 21:01:00,Talabat_KWT,1728.52,KWD,Meeza,Success,00
TXN_1371,2026-04-10 16:01:00,Noon_KSA,921.76,SAR,Visa,Success,00
TXN_1372,2026-04-09 15:24:00,Zomato_QAT,3191.3,QAR,NAPS,Success,00
TXN_1373,2026-04-05 20:41:00,Meeza_EGY,3711.66,AED,Mada,Declined,61
TXN_1374,2026-04-05 23:10:00,Zomato_QAT,3306.11,AED,NAPS,Timeout,91
TXN_1375,2026-04-14 18:59:00,Talabat_KWT,2114.6,QAR,Mada,Success,00
TXN_1376,2026-04-03 16:15:00,Noon_KSA,938.49,AED,Mastercard,Success,00
TXN_1377,2026-04-10 20:09:00,Meeza_EGY,1071.83,EGP,Meeza,Success,00
TXN_1378,2026-04-08 14:22:00,Talabat_KWT,1811.55,QAR,NAPS,Success,00
TXN_1379,2026-04-13 07:16:00,Talabat_KWT,1976.81,SAR,Mastercard,Declined,54
TXN_1380,2026-04-03 09:00:00,Zomato_QAT,1539.94,EGP,KNET,System Error,96
TXN_1381,2026-04-12 17:27:00,Meeza_EGY,3746.2,KWD,KNET,Success,00
TXN_1382,2026-04-12 00:59:00,Amazon_UAE,479.81,AED,Mada,Success,00
TXN_1383,2026-04-05 23:58:00,Amazon_UAE,1137.95,AED,Mastercard,Success,00
TXN_1384,2026-04-06 17:53:00,Zomato_QAT,1967.69,EGP,NAPS,Success,00
TXN_1385,2026-04-11 12:26:00,Meeza_EGY,392.7,KWD,Mada,Success,00
TXN_1386,2026-04-01 02:12:00,Noon_KSA,2846.21,EGP,KNET,Success,00
TXN_1387,2026-04-04 15:06:00,Noon_KSA,3129.86,AED,Mada,Success,00
TXN_1388,2026-04-05 08:17:00,Talabat_KWT,3237.73,KWD,NAPS,Success,00
TXN_1389,2026-04-08 03:03:00,Amazon_UAE,673.9,KWD,NAPS,Success,00
TXN_1390,2026-04-03 23:52:00,Noon_KSA,4619.55,KWD,Meeza,Success,00
TXN_1391,2026-04-02 18:47:00,Talabat_KWT,1870.18,SAR,Meeza,Success,00
TXN_1392,2026-04-01 11:57:00,Amazon_UAE,3851.34,KWD,Meeza,Success,00
TXN_1393,2026-04-08 00:45:00,Noon_KSA,1502.29,SAR,NAPS,Success,00
TXN_1394,2026-04-08 11:03:00,Noon_KSA,4029.3,QAR,Mada,Success,00
TXN_1395,2026-04-01 06:03:00,Zomato_QAT,326.17,QAR,Mastercard,Success,00
TXN_1396,2026-04-02 03:08:00,Amazon_UAE,375.16,KWD,Mastercard,Success,00
TXN_1397,2026-04-02 10:18:00,Zomato_QAT,3131.88,AED,KNET,Success,00
TXN_1398,2026-04-08 12:07:00,Meeza_EGY,4721.16,EGP,Mada,Success,00
TXN_1399,2026-04-11 10:17:00,Amazon_UAE,536.94,SAR,KNET,Success,00
TXN_1400,2026-04-11 07:58:00,Meeza_EGY,2214.86,KWD,Meeza,Success,00
TXN_1401,2026-04-11 23:15:00,Talabat_KWT,4966.33,KWD,Meeza,Success,00
TXN_1402,2026-04-03 09:37:00,Talabat_KWT,3327.15,KWD,Meeza,System Error,96
TXN_1403,2026-04-11 13:10:00,Amazon_UAE,2611.32,KWD,NAPS,Declined,61
TXN_1404,2026-04-06 14:17:00,Zomato_QAT,722.49,EGP,Mastercard,Success,00
TXN_1405,2026-04-05 23:07:00,Amazon_UAE,4545.72,EGP,Visa,System Error,96
TXN_1406,2026-04-06 10:45:00,Zomato_QAT,883.07,KWD,Visa,Success,00
TXN_1407,2026-04-10 21:51:00,Meeza_EGY,1081.59,KWD,Mada,Declined,61
TXN_1408,2026-04-12 07:54:00,Noon_KSA,4553.37,SAR,Mastercard,Declined,05
TXN_1409,2026-04-02 07:25:00,Talabat_KWT,4530.57,AED,NAPS,Success,00
TXN_1410,2026-04-12 15:02:00,Noon_KSA,4208.26,SAR,Visa,Success,00
TXN_1411,2026-04-03 10:21:00,Talabat_KWT,3653.18,SAR,Visa,Success,00
TXN_1412,2026-04-11 12:30:00,Zomato_QAT,2510.96,QAR,Mastercard,Success,00
TXN_1413,2026-04-03 23:48:00,Talabat_KWT,3777.42,SAR,Visa,Success,00
TXN_1414,2026-04-03 13:30:00,Amazon_UAE,2481.89,EGP,NAPS,Success,00
TXN_1415,2026-04-07 00:24:00,Talabat_KWT,1811.13,AED,Visa,Success,00
TXN_1416,2026-04-06 18:28:00,Noon_KSA,4893.38,AED,NAPS,Success,00
TXN_1417,2026-04-10 13:13:00,Meeza_EGY,3476.19,QAR,Visa,Success,00
TXN_1418,2026-04-12 00:00:00,Talabat_KWT,465.71,EGP,Mastercard,Success,00
TXN_1419,2026-04-11 04:48:00,Meeza_EGY,1873.17,EGP,Mastercard,Success,00
TXN_1420,2026-04-09 08:21:00,Talabat_KWT,3389.51,EGP,Mastercard,Timeout,91
TXN_1421,2026-04-12 04:28:00,Meeza_EGY,3376.38,SAR,Mastercard,Success,00
TXN_1422,2026-04-12 07:47:00,Talabat_KWT,751.26,KWD,Mastercard,Success,00
TXN_1423,2026-04-06 01:02:00,Meeza_EGY,1703.97,QAR,Mastercard,Success,00
TXN_1424,2026-04-03 05:03:00,Zomato_QAT,2192.09,EGP,Mada,Success,00
TXN_1425,2026-04-01 16:14:00,Meeza_EGY,2817.6,EGP,Meeza,Success,00
TXN_1426,2026-04-12 13:45:00,Meeza_EGY,2645.52,SAR,Mastercard,Success,00
TXN_1427,2026-04-07 06:37:00,Noon_KSA,2643.79,SAR,KNET,Success,00
TXN_1428,2026-04-13 12:51:00,Talabat_KWT,4017.56,KWD,Mada,Success,00
TXN_1429,2026-04-06 12:04:00,Noon_KSA,2451.25,AED,Mastercard,Declined,05
TXN_1430,2026-04-07 21:12:00,Zomato_QAT,1221.01,AED,Meeza,Timeout,91
TXN_1431,2026-04-14 19:44:00,Meeza_EGY,1155.35,AED,Mada,Success,00
TXN_1432,2026-04-07 22:38:00,Meeza_EGY,2512.3,QAR,Mada,Success,00
TXN_1433,2026-04-05 10:02:00,Noon_KSA,3880.63,KWD,NAPS,Success,00
TXN_1434,2026-04-08 12:22:00,Noon_KSA,54.48,KWD,Mastercard,Success,00
TXN_1435,2026-04-08 12:04:00,Noon_KSA,4612.31,EGP,Mada,Success,00
TXN_1436,2026-04-11 12:59:00,Zomato_QAT,2726.58,SAR,NAPS,Success,00
TXN_1437,2026-04-02 09:45:00,Noon_KSA,4428.07,EGP,Meeza,Timeout,91
TXN_1438,2026-04-13 14:30:00,Amazon_UAE,4920.77,AED,Mastercard,Declined,54
TXN_1439,2026-04-01 10:44:00,Noon_KSA,3230.89,SAR,Mastercard,Success,00
TXN_1440,2026-04-07 04:29:00,Meeza_EGY,3092.96,QAR,Mada,Declined,51
TXN_1441,2026-04-03 17:40:00,Zomato_QAT,1402.93,EGP,Mastercard,Success,00
TXN_1442,2026-04-14 19:58:00,Meeza_EGY,2535.75,QAR,Meeza,Success,00
TXN_1443,2026-04-10 17:34:00,Noon_KSA,910.31,QAR,Meeza,Success,00
TXN_1444,2026-04-05 20:34:00,Talabat_KWT,295.77,SAR,Mada,Declined,51
TXN_1445,2026-04-05 18:54:00,Zomato_QAT,557.98,QAR,Visa,Timeout,91
TXN_1446,2026-04-02 10:01:00,Talabat_KWT,2062.27,AED,NAPS,Success,00
TXN_1447,2026-04-08 16:26:00,Talabat_KWT,1760.5,KWD,KNET,Success,00
TXN_1448,2026-04-08 16:49:00,Meeza_EGY,4938.28,KWD,KNET,Success,00
TXN_1449,2026-04-08 22:52:00,Meeza_EGY,2498.19,KWD,KNET,Success,00
TXN_1450,2026-04-11 03:08:00,Noon_KSA,3780.95,EGP,Mada,Success,00
TXN_1451,2026-04-11 08:45:00,Meeza_EGY,2787.46,SAR,Meeza,Declined,05
TXN_1452,2026-04-11 10:39:00,Zomato_QAT,151.22,EGP,NAPS,Success,00
TXN_1453,2026-04-09 06:10:00,Zomato_QAT,4802.76,EGP,NAPS,Success,00
TXN_1454,2026-04-13 11:46:00,Noon_KSA,1836.49,SAR,Mada,Success,00
TXN_1455,2026-04-11 15:30:00,Talabat_KWT,3197.79,SAR,Meeza,Timeout,91
TXN_1456,2026-04-02 14:05:00,Zomato_QAT,3331.91,QAR,Mastercard,Success,00
TXN_1457,2026-04-02 17:14:00,Noon_KSA,1422.2,KWD,Meeza,Success,00
TXN_1458,2026-04-05 18:59:00,Talabat_KWT,1272.75,SAR,Mastercard,Success,00
TXN_1459,2026-04-14 08:02:00,Zomato_QAT,1560.91,KWD,KNET,Success,00
TXN_1460,2026-04-09 04:14:00,Zomato_QAT,2026.34,KWD,Meeza,Success,00
TXN_1461,2026-04-14 13:02:00,Talabat_KWT,172.73,QAR,Visa,Success,00
TXN_1462,2026-04-07 03:57:00,Noon_KSA,3189.56,AED,Mastercard,Success,00
TXN_1463,2026-04-13 13:38:00,Zomato_QAT,2755.93,EGP,Meeza,System Error,96
TXN_1464,2026-04-13 15:13:00,Meeza_EGY,2317.2,KWD,Visa,Success,00
TXN_1465,2026-04-02 19:28:00,Zomato_QAT,4411.68,EGP,Mastercard,Success,00
TXN_1466,2026-04-10 23:36:00,Amazon_UAE,2629.82,QAR,Meeza,Declined,51
TXN_1467,2026-04-02 04:28:00,Noon_KSA,1380.0,EGP,Mastercard,Success,00
TXN_1468,2026-04-14 05:05:00,Amazon_UAE,602.18,SAR,Mastercard,Success,00
TXN_1469,2026-04-08 15:23:00,Zomato_QAT,2716.32,KWD,KNET,Success,00
TXN_1470,2026-04-08 13:27:00,Meeza_EGY,315.97,AED,Mastercard,System Error,96
TXN_1471,2026-04-02 20:56:00,Talabat_KWT,550.01,SAR,Meeza,Success,00
TXN_1472,2026-04-01 18:53:00,Zomato_QAT,3978.53,EGP,Meeza,Timeout,91
TXN_1473,2026-04-08 22:54:00,Amazon_UAE,4079.31,AED,Mada,Success,00
TXN_1474,2026-04-13 17:54:00,Noon_KSA,2933.04,QAR,NAPS,Timeout,91
TXN_1475,2026-04-03 00:00:00,Amazon_UAE,4723.73,KWD,NAPS,Success,00
TXN_1476,2026-04-08 17:09:00,Zomato_QAT,71.53,KWD,Mada,Success,00
TXN_1477,2026-04-10 05:27:00,Noon_KSA,441.95,AED,NAPS,Success,00
TXN_1478,2026-04-14 00:12:00,Zomato_QAT,1135.73,SAR,Meeza,Declined,51
TXN_1479,2026-04-08 22:08:00,Zomato_QAT,2279.79,QAR,NAPS,Success,00
TXN_1480,2026-04-11 17:09:00,Noon_KSA,1724.26,QAR,Visa,Success,00
TXN_1481,2026-04-12 08:47:00,Meeza_EGY,1177.59,AED,Visa,Timeout,91
TXN_1482,2026-04-05 19:27:00,Meeza_EGY,2987.5,SAR,NAPS,Success,00
TXN_1483,2026-04-01 06:34:00,Talabat_KWT,1010.15,AED,Mada,Success,00
TXN_1484,2026-04-11 08:02:00,Noon_KSA,2351.77,AED,Mada,Success,00
TXN_1485,2026-04-13 21:46:00,Meeza_EGY,3448.78,AED,Meeza,Success,00
TXN_1486,2026-04-07 18:13:00,Zomato_QAT,2840.7,QAR,Mada,Success,00
TXN_1487,2026-04-12 04:54:00,Meeza_EGY,4618.5,SAR,KNET,Success,00
TXN_1488,2026-04-14 04:20:00,Zomato_QAT,4189.61,KWD,Meeza,Success,00
TXN_1489,2026-04-13 01:58:00,Noon_KSA,2968.96,KWD,Meeza,Success,00
TXN_1490,2026-04-05 03:23:00,Zomato_QAT,945.35,KWD,NAPS,Success,00
TXN_1491,2026-04-12 10:58:00,Amazon_UAE,2360.99,EGP,Meeza,Success,00
TXN_1492,2026-04-07 11:31:00,Meeza_EGY,1345.05,KWD,KNET,Success,00
TXN_1493,2026-04-13 17:01:00,Zomato_QAT,2110.85,AED,NAPS,Success,00
TXN_1494,2026-04-10 04:49:00,Noon_KSA,1749.33,QAR,NAPS,Success,00
TXN_1495,2026-04-14 07:57:00,Meeza_EGY,3696.89,QAR,KNET,Success,00
TXN_1496,2026-04-01 02:02:00,Amazon_UAE,4704.12,SAR,NAPS,Success,00
TXN_1497,2026-04-10 04:16:00,Noon_KSA,983.67,SAR,Mastercard,Success,00
TXN_1498,2026-04-14 07:53:00,Noon_KSA,2623.85,QAR,Visa,Success,00
TXN_1499,2026-04-04 19:51:00,Meeza_EGY,951.66,QAR,Visa,Success,00
TXN_1500,2026-04-09 22:39:00,Amazon_UAE,4296.54,EGP,Meeza,Success,00
TXN_1501,2026-04-10 04:23:00,Meeza_EGY,765.14,KWD,NAPS,Success,00
TXN_1502,2026-04-12 10:16:00,Meeza_EGY,3439.5,QAR,Mastercard,Success,00
TXN_1503,2026-04-06 07:14:00,Noon_KSA,851.53,QAR,Visa,Success,00
TXN_1504,2026-04-14 20:39:00,Noon_KSA,4172.62,QAR,KNET,Success,00
TXN_1505,2026-04-12 13:39:00,Meeza_EGY,3198.9,QAR,Mada,Success,00
TXN_1506,2026-04-08 11:35:00,Amazon_UAE,4448.22,SAR,Mada,Success,00
TXN_1507,2026-04-09 08:27:00,Talabat_KWT,805.25,QAR,KNET,Success,00
TXN_1508,2026-04-14 06:57:00,Talabat_KWT,3453.83,QAR,Mastercard,Success,00
TXN_1509,2026-04-09 02:58:00,Talabat_KWT,3243.95,AED,Visa,Success,00
TXN_1510,2026-04-13 13:46:00,Zomato_QAT,3357.14,QAR,Meeza,Declined,54
TXN_1511,2026-04-11 20:48:00,Meeza_EGY,3573.02,QAR,Meeza,Success,00
TXN_1512,2026-04-10 02:58:00,Talabat_KWT,3248.19,QAR,Mastercard,Success,00
TXN_1513,2026-04-06 22:28:00,Zomato_QAT,4441.21,AED,NAPS,Success,00
TXN_1514,2026-04-01 15:57:00,Zomato_QAT,2795.44,EGP,NAPS,Success,00
TXN_1515,2026-04-10 22:20:00,Zomato_QAT,2968.88,AED,Mada,Success,00
TXN_1516,2026-04-13 16:53:00,Amazon_UAE,902.58,AED,Mastercard,Success,00
TXN_1517,2026-04-10 13:38:00,Noon_KSA,2727.5,QAR,Mada,Success,00
TXN_1518,2026-04-09 14:01:00,Talabat_KWT,4377.47,QAR,Mastercard,Success,00
TXN_1519,2026-04-08 01:43:00,Amazon_UAE,1024.73,AED,KNET,Success,00
TXN_1520,2026-04-08 04:58:00,Zomato_QAT,4403.95,SAR,Mastercard,Success,00
TXN_1521,2026-04-13 23:55:00,Talabat_KWT,3492.98,KWD,NAPS,Success,00
TXN_1522,2026-04-03 09:58:00,Talabat_KWT,1298.04,AED,Mada,Success,00
TXN_1523,2026-04-05 21:00:00,Noon_KSA,2709.37,QAR,Meeza,Success,00
TXN_1524,2026-04-09 11:54:00,Talabat_KWT,1296.81,SAR,Visa,Success,00
TXN_1525,2026-04-02 23:31:00,Talabat_KWT,2577.95,KWD,Mastercard,Success,00
TXN_1526,2026-04-13 21:40:00,Zomato_QAT,3867.8,AED,Meeza,Success,00
TXN_1527,2026-04-12 15:16:00,Zomato_QAT,1193.07,SAR,Mada,Success,00
TXN_1528,2026-04-14 06:15:00,Meeza_EGY,662.87,KWD,KNET,Success,00
TXN_1529,2026-04-12 21:17:00,Noon_KSA,3898.91,EGP,KNET,Declined,05
TXN_1530,2026-04-05 18:13:00,Talabat_KWT,2395.11,KWD,Mada,Success,00
TXN_1531,2026-04-13 21:40:00,Zomato_QAT,259.37,QAR,Mada,Success,00
TXN_1532,2026-04-11 14:37:00,Meeza_EGY,379.66,KWD,Mastercard,Success,00
TXN_1533,2026-04-03 07:24:00,Zomato_QAT,4030.88,KWD,Meeza,Success,00
TXN_1534,2026-04-14 12:45:00,Noon_KSA,4846.76,KWD,Visa,Success,00
TXN_1535,2026-04-10 15:51:00,Amazon_UAE,3468.48,KWD,Meeza,Success,00
TXN_1536,2026-04-04 20:18:00,Zomato_QAT,3364.37,QAR,KNET,Success,00
TXN_1537,2026-04-07 16:16:00,Noon_KSA,4304.44,SAR,Mastercard,Success,00
TXN_1538,2026-04-11 01:39:00,Talabat_KWT,3519.0,QAR,Mada,Success,00
TXN_1539,2026-04-12 00:41:00,Meeza_EGY,2561.99,SAR,NAPS,Success,00
TXN_1540,2026-04-05 02:21:00,Zomato_QAT,3205.06,EGP,Meeza,Success,00
TXN_1541,2026-04-06 14:36:00,Amazon_UAE,2645.25,QAR,KNET,Success,00
TXN_1542,2026-04-07 00:28:00,Amazon_UAE,726.06,AED,Mada,Success,00
TXN_1543,2026-04-11 22:36:00,Amazon_UAE,3070.3,EGP,NAPS,Success,00
TXN_1544,2026-04-03 10:45:00,Zomato_QAT,1694.53,QAR,KNET,Success,00
TXN_1545,2026-04-03 15:50:00,Noon_KSA,1608.71,AED,KNET,Success,00
TXN_1546,2026-04-02 05:09:00,Zomato_QAT,2669.52,KWD,KNET,Success,00
TXN_1547,2026-04-04 18:42:00,Talabat_KWT,3363.95,KWD,Mada,Declined,54
TXN_1548,2026-04-07 08:19:00,Meeza_EGY,3725.91,QAR,KNET,Success,00
TXN_1549,2026-04-07 00:45:00,Zomato_QAT,24.39,EGP,Meeza,Success,00
TXN_1550,2026-04-11 21:32:00,Zomato_QAT,4194.23,EGP,NAPS,Success,00
TXN_1551,2026-04-05 02:14:00,Zomato_QAT,1312.82,SAR,KNET,Success,00
TXN_1552,2026-04-08 18:39:00,Noon_KSA,2593.86,EGP,NAPS,Success,00
TXN_1553,2026-04-03 16:18:00,Meeza_EGY,1057.76,QAR,Mada,Success,00
TXN_1554,2026-04-13 17:07:00,Noon_KSA,609.8,QAR,NAPS,Success,00
TXN_1555,2026-04-08 12:23:00,Meeza_EGY,2784.2,EGP,KNET,Timeout,91
TXN_1556,2026-04-07 23:45:00,Amazon_UAE,926.14,QAR,Mastercard,Success,00
TXN_1557,2026-04-05 02:45:00,Meeza_EGY,1531.05,KWD,Visa,Declined,54
TXN_1558,2026-04-14 13:28:00,Noon_KSA,3781.27,SAR,Visa,Success,00
TXN_1559,2026-04-13 19:20:00,Talabat_KWT,70.31,SAR,KNET,Success,00
TXN_1560,2026-04-12 06:45:00,Zomato_QAT,764.13,KWD,Visa,Success,00
TXN_1561,2026-04-11 09:59:00,Amazon_UAE,1640.85,SAR,Mastercard,Success,00
TXN_1562,2026-04-13 06:33:00,Amazon_UAE,4650.7,EGP,Visa,Success,00
TXN_1563,2026-04-02 17:48:00,Talabat_KWT,3362.77,AED,Mastercard,Success,00
TXN_1564,2026-04-07 02:43:00,Zomato_QAT,2156.29,KWD,Visa,Success,00
TXN_1565,2026-04-03 03:34:00,Zomato_QAT,3317.99,SAR,NAPS,Success,00
TXN_1566,2026-04-10 08:08:00,Amazon_UAE,4115.65,SAR,Mada,Success,00
TXN_1567,2026-04-12 06:55:00,Zomato_QAT,4093.86,KWD,NAPS,Declined,61
TXN_1568,2026-04-11 20:00:00,Meeza_EGY,2185.03,SAR,Mada,Success,00
TXN_1569,2026-04-08 13:00:00,Meeza_EGY,811.37,SAR,Mada,Declined,61
TXN_1570,2026-04-07 03:27:00,Zomato_QAT,3126.4,EGP,Mastercard,Success,00
TXN_1571,2026-04-05 16:59:00,Talabat_KWT,2422.61,QAR,Mada,Declined,05
TXN_1572,2026-04-13 07:45:00,Zomato_QAT,1493.2,QAR,Mada,Success,00
TXN_1573,2026-04-12 00:01:00,Meeza_EGY,4552.79,KWD,KNET,Success,00
TXN_1574,2026-04-12 03:09:00,Noon_KSA,1383.08,KWD,KNET,Success,00
TXN_1575,2026-04-10 19:50:00,Amazon_UAE,4290.04,QAR,Mastercard,Success,00
TXN_1576,2026-04-07 00:58:00,Talabat_KWT,4708.67,SAR,Meeza,Success,00
TXN_1577,2026-04-10 02:04:00,Zomato_QAT,2922.47,SAR,KNET,Success,00
TXN_1578,2026-04-04 16:34:00,Zomato_QAT,1559.48,SAR,Visa,Success,00
TXN_1579,2026-04-04 11:55:00,Zomato_QAT,823.2,EGP,KNET,Success,00
TXN_1580,2026-04-12 11:57:00,Amazon_UAE,1190.44,SAR,KNET,Success,00
TXN_1581,2026-04-11 14:04:00,Meeza_EGY,2062.85,QAR,Mastercard,Success,00
TXN_1582,2026-04-06 13:20:00,Zomato_QAT,2660.43,QAR,Mastercard,Success,00
TXN_1583,2026-04-09 09:49:00,Noon_KSA,1979.77,EGP,KNET,Success,00
TXN_1584,2026-04-13 15:17:00,Talabat_KWT,2155.97,EGP,Mada,Timeout,91
TXN_1585,2026-04-12 13:48:00,Amazon_UAE,4952.0,KWD,Visa,Success,00
TXN_1586,2026-04-07 18:29:00,Noon_KSA,3318.21,QAR,Mada,Success,00
TXN_1587,2026-04-01 17:21:00,Talabat_KWT,1690.08,KWD,Visa,Success,00
TXN_1588,2026-04-03 00:58:00,Noon_KSA,4334.33,SAR,Meeza,Success,00
TXN_1589,2026-04-02 08:36:00,Amazon_UAE,4508.94,AED,NAPS,Success,00
TXN_1590,2026-04-05 19:13:00,Zomato_QAT,3949.34,QAR,Mada,Success,00
TXN_1591,2026-04-14 11:57:00,Noon_KSA,2481.21,AED,Mastercard,Timeout,91
TXN_1592,2026-04-07 19:09:00,Talabat_KWT,3434.39,EGP,NAPS,Declined,61
TXN_1593,2026-04-09 01:23:00,Talabat_KWT,3869.75,SAR,Mada,Success,00
TXN_1594,2026-04-08 06:27:00,Talabat_KWT,3086.25,KWD,Meeza,Success,00
TXN_1595,2026-04-04 14:02:00,Meeza_EGY,4749.69,AED,KNET,Success,00
TXN_1596,2026-04-10 14:38:00,Zomato_QAT,1518.55,EGP,Mada,Success,00
TXN_1597,2026-04-14 15:10:00,Talabat_KWT,3517.34,KWD,Mastercard,Success,00
TXN_1598,2026-04-12 10:45:00,Meeza_EGY,1489.84,SAR,Meeza,Success,00
TXN_1599,2026-04-13 02:21:00,Noon_KSA,1025.87,KWD,Visa,Success,00
TXN_1600,2026-04-10 02:13:00,Amazon_UAE,1576.55,QAR,NAPS,Success,00
TXN_1601,2026-04-03 04:02:00,Zomato_QAT,1687.26,QAR,Meeza,Success,00
TXN_1602,2026-04-14 03:01:00,Talabat_KWT,4093.69,KWD,KNET,Success,00
TXN_1603,2026-04-10 16:59:00,Noon_KSA,2064.71,AED,Mastercard,Success,00
TXN_1604,2026-04-07 19:52:00,Talabat_KWT,4537.39,SAR,NAPS,Declined,05
TXN_1605,2026-04-05 04:37:00,Amazon_UAE,1795.28,EGP,Mastercard,Success,00
TXN_1606,2026-04-12 07:18:00,Amazon_UAE,3116.44,AED,Mastercard,Success,00
TXN_1607,2026-04-05 07:27:00,Talabat_KWT,4805.52,AED,NAPS,Success,00
TXN_1608,2026-04-07 03:17:00,Noon_KSA,2931.08,AED,Mastercard,Success,00
TXN_1609,2026-04-14 03:17:00,Amazon_UAE,3675.37,KWD,Meeza,Success,00
TXN_1610,2026-04-07 04:56:00,Talabat_KWT,1074.5,AED,KNET,Success,00
TXN_1611,2026-04-01 21:04:00,Amazon_UAE,3579.5,AED,Mada,Success,00
TXN_1612,2026-04-07 01:31:00,Zomato_QAT,2753.43,AED,Mastercard,Success,00
TXN_1613,2026-04-02 23:59:00,Meeza_EGY,2901.74,KWD,Mada,Success,00
TXN_1614,2026-04-10 14:55:00,Noon_KSA,4771.19,EGP,Mastercard,Success,00
TXN_1615,2026-04-03 02:12:00,Meeza_EGY,2556.08,AED,Meeza,System Error,96
TXN_1616,2026-04-05 15:06:00,Meeza_EGY,3985.47,KWD,Visa,Success,00
TXN_1617,2026-04-12 11:27:00,Talabat_KWT,932.42,EGP,Mastercard,Success,00
TXN_1618,2026-04-14 04:40:00,Amazon_UAE,4852.95,KWD,Visa,Success,00
TXN_1619,2026-04-05 18:51:00,Talabat_KWT,4105.28,QAR,Meeza,Timeout,91
TXN_1620,2026-04-04 22:47:00,Meeza_EGY,3596.43,AED,NAPS,Success,00
TXN_1621,2026-04-14 09:08:00,Meeza_EGY,4627.33,KWD,Mastercard,Declined,05
TXN_1622,2026-04-09 04:55:00,Zomato_QAT,2821.9,SAR,Mada,Success,00
TXN_1623,2026-04-13 01:59:00,Meeza_EGY,4023.99,AED,Meeza,Success,00
TXN_1624,2026-04-04 03:05:00,Amazon_UAE,4386.97,AED,Meeza,Success,00
TXN_1625,2026-04-08 04:47:00,Zomato_QAT,4364.58,KWD,Mastercard,Declined,05
TXN_1626,2026-04-06 10:28:00,Talabat_KWT,3025.37,KWD,NAPS,Success,00
TXN_1627,2026-04-10 08:13:00,Meeza_EGY,1939.15,KWD,NAPS,Success,00
TXN_1628,2026-04-05 15:24:00,Noon_KSA,2001.59,SAR,Mastercard,Success,00
TXN_1629,2026-04-01 00:23:00,Noon_KSA,927.55,SAR,Meeza,Success,00
TXN_1630,2026-04-08 08:46:00,Noon_KSA,4345.14,AED,NAPS,Success,00
TXN_1631,2026-04-10 23:16:00,Meeza_EGY,4302.8,SAR,KNET,Success,00
TXN_1632,2026-04-13 16:02:00,Zomato_QAT,944.66,KWD,Visa,Timeout,91
TXN_1633,2026-04-02 09:23:00,Amazon_UAE,3343.29,AED,Visa,Success,00
TXN_1634,2026-04-14 00:00:00,Zomato_QAT,4164.22,EGP,Mastercard,System Error,96
TXN_1635,2026-04-05 07:00:00,Noon_KSA,3918.93,KWD,KNET,Success,00
TXN_1636,2026-04-13 12:33:00,Talabat_KWT,499.39,EGP,Visa,Success,00
TXN_1637,2026-04-10 08:08:00,Zomato_QAT,3394.52,SAR,Meeza,Success,00
TXN_1638,2026-04-01 01:44:00,Meeza_EGY,3259.37,KWD,Meeza,Success,00
TXN_1639,2026-04-14 14:44:00,Meeza_EGY,3424.74,AED,KNET,Declined,61
TXN_1640,2026-04-13 05:18:00,Amazon_UAE,3846.27,SAR,KNET,Success,00
TXN_1641,2026-04-06 08:37:00,Talabat_KWT,976.97,KWD,KNET,Success,00
TXN_1642,2026-04-03 12:36:00,Amazon_UAE,1630.16,QAR,Mada,Success,00
TXN_1643,2026-04-05 08:44:00,Noon_KSA,1222.95,EGP,Mastercard,Success,00
TXN_1644,2026-04-03 04:00:00,Talabat_KWT,2997.28,SAR,Meeza,System Error,96
TXN_1645,2026-04-04 23:05:00,Amazon_UAE,2877.7,EGP,Mada,Success,00
TXN_1646,2026-04-12 18:56:00,Zomato_QAT,1042.62,QAR,Mada,Success,00
TXN_1647,2026-04-05 05:01:00,Zomato_QAT,602.21,QAR,Visa,Success,00
TXN_1648,2026-04-14 12:04:00,Amazon_UAE,1165.53,AED,NAPS,Success,00
TXN_1649,2026-04-08 22:31:00,Amazon_UAE,2873.35,SAR,Mastercard,Success,00
TXN_1650,2026-04-06 11:23:00,Meeza_EGY,3170.89,SAR,Visa,Success,00
TXN_1651,2026-04-04 23:02:00,Talabat_KWT,3927.92,AED,Mastercard,Success,00
TXN_1652,2026-04-07 17:06:00,Amazon_UAE,2309.4,AED,Mada,Success,00
TXN_1653,2026-04-12 15:45:00,Noon_KSA,2951.04,SAR,Meeza,Declined,61
TXN_1654,2026-04-04 23:04:00,Zomato_QAT,379.74,QAR,Mada,Success,00
TXN_1655,2026-04-14 08:49:00,Zomato_QAT,2468.43,QAR,Mastercard,Success,00
TXN_1656,2026-04-09 11:24:00,Zomato_QAT,3853.53,EGP,Mastercard,Success,00
TXN_1657,2026-04-01 10:50:00,Talabat_KWT,2158.03,KWD,Meeza,Success,00
TXN_1658,2026-04-08 15:49:00,Noon_KSA,4085.55,SAR,Meeza,System Error,96
TXN_1659,2026-04-06 18:12:00,Talabat_KWT,3949.32,EGP,NAPS,Timeout,91
TXN_1660,2026-04-13 22:16:00,Talabat_KWT,2684.18,KWD,KNET,Success,00
TXN_1661,2026-04-01 16:10:00,Zomato_QAT,251.49,SAR,Mastercard,Success,00
TXN_1662,2026-04-08 10:41:00,Amazon_UAE,4238.6,AED,Mada,Success,00
TXN_1663,2026-04-03 13:09:00,Talabat_KWT,488.17,SAR,KNET,Success,00
TXN_1664,2026-04-09 05:08:00,Meeza_EGY,4660.62,AED,Mada,System Error,96
TXN_1665,2026-04-01 12:09:00,Meeza_EGY,586.58,EGP,Mada,Success,00
TXN_1666,2026-04-03 20:23:00,Noon_KSA,1013.55,KWD,Mastercard,Declined,51
TXN_1667,2026-04-11 20:03:00,Talabat_KWT,1980.6,EGP,Mada,Success,00
TXN_1668,2026-04-10 02:43:00,Meeza_EGY,2370.04,EGP,Mada,Timeout,91
TXN_1669,2026-04-14 06:23:00,Zomato_QAT,2583.34,EGP,Mastercard,Success,00
TXN_1670,2026-04-13 19:49:00,Amazon_UAE,3414.4,EGP,Mastercard,Success,00
TXN_1671,2026-04-11 10:01:00,Zomato_QAT,1288.48,EGP,NAPS,System Error,96
TXN_1672,2026-04-10 14:06:00,Zomato_QAT,3568.7,SAR,NAPS,Success,00
TXN_1673,2026-04-14 00:26:00,Zomato_QAT,632.68,KWD,Visa,Success,00
TXN_1674,2026-04-11 20:27:00,Amazon_UAE,4505.35,EGP,NAPS,Success,00
TXN_1675,2026-04-05 16:16:00,Zomato_QAT,1672.74,SAR,Meeza,Success,00
TXN_1676,2026-04-04 05:57:00,Talabat_KWT,3518.2,SAR,Meeza,Success,00
TXN_1677,2026-04-06 14:18:00,Noon_KSA,3996.18,SAR,KNET,Success,00
TXN_1678,2026-04-12 12:08:00,Amazon_UAE,1147.14,EGP,Visa,Success,00
TXN_1679,2026-04-12 21:31:00,Talabat_KWT,1067.49,KWD,Mastercard,Timeout,91
TXN_1680,2026-04-09 03:39:00,Talabat_KWT,4945.55,QAR,Mada,Success,00
TXN_1681,2026-04-02 02:38:00,Noon_KSA,4982.76,QAR,Visa,Success,00
TXN_1682,2026-04-09 06:54:00,Meeza_EGY,571.62,KWD,Mastercard,Success,00
TXN_1683,2026-04-02 13:23:00,Talabat_KWT,1909.8,KWD,NAPS,Success,00
TXN_1684,2026-04-08 11:00:00,Zomato_QAT,4728.07,QAR,Visa,Success,00
TXN_1685,2026-04-13 12:30:00,Noon_KSA,4525.62,EGP,NAPS,Declined,51
TXN_1686,2026-04-03 21:49:00,Amazon_UAE,1926.74,AED,KNET,Success,00
TXN_1687,2026-04-11 06:25:00,Zomato_QAT,3912.92,QAR,Meeza,Success,00
TXN_1688,2026-04-04 05:09:00,Zomato_QAT,360.75,KWD,NAPS,Success,00
TXN_1689,2026-04-14 08:09:00,Talabat_KWT,3046.78,SAR,KNET,Success,00
TXN_1690,2026-04-03 04:12:00,Zomato_QAT,3794.67,QAR,Mastercard,Success,00
TXN_1691,2026-04-09 19:27:00,Meeza_EGY,616.49,SAR,NAPS,Success,00
TXN_1692,2026-04-04 14:16:00,Amazon_UAE,1992.96,SAR,Visa,Success,00
TXN_1693,2026-04-12 14:52:00,Zomato_QAT,4641.19,AED,Meeza,Timeout,91
TXN_1694,2026-04-11 06:11:00,Noon_KSA,4075.36,EGP,Mastercard,Declined,05
TXN_1695,2026-04-12 17:27:00,Amazon_UAE,2360.83,AED,Mada,Success,00
TXN_1696,2026-04-07 08:42:00,Zomato_QAT,721.54,SAR,NAPS,Success,00
TXN_1697,2026-04-05 14:56:00,Amazon_UAE,4158.35,KWD,KNET,Success,00
TXN_1698,2026-04-10 04:55:00,Amazon_UAE,4547.2,SAR,Mastercard,Success,00
TXN_1699,2026-04-06 00:49:00,Noon_KSA,3218.44,EGP,Mastercard,Declined,51
TXN_1700,2026-04-09 12:12:00,Noon_KSA,4091.68,KWD,Visa,Declined,05
TXN_1701,2026-04-02 18:41:00,Meeza_EGY,4695.75,SAR,Visa,Success,00
TXN_1702,2026-04-05 15:42:00,Zomato_QAT,2458.99,AED,Visa,Success,00
TXN_1703,2026-04-03 16:46:00,Amazon_UAE,1366.98,EGP,Visa,Declined,51
TXN_1704,2026-04-04 15:11:00,Amazon_UAE,1070.98,QAR,Mastercard,Success,00
TXN_1705,2026-04-14 14:19:00,Amazon_UAE,1003.3,SAR,Visa,Success,00
TXN_1706,2026-04-06 11:22:00,Noon_KSA,2300.43,QAR,Meeza,Success,00
TXN_1707,2026-04-07 06:11:00,Noon_KSA,3122.65,AED,NAPS,Success,00
TXN_1708,2026-04-06 23:43:00,Zomato_QAT,2643.39,SAR,Meeza,Success,00
TXN_1709,2026-04-08 06:01:00,Talabat_KWT,1783.66,SAR,Visa,Success,00
TXN_1710,2026-04-06 17:14:00,Meeza_EGY,3275.75,QAR,Visa,Success,00
TXN_1711,2026-04-01 03:45:00,Talabat_KWT,2131.46,QAR,Meeza,Success,00
TXN_1712,2026-04-01 16:53:00,Amazon_UAE,1499.29,AED,Mastercard,Success,00
TXN_1713,2026-04-02 07:46:00,Meeza_EGY,1585.55,AED,NAPS,Success,00
TXN_1714,2026-04-02 06:34:00,Zomato_QAT,3871.33,SAR,KNET,Success,00
TXN_1715,2026-04-11 08:39:00,Talabat_KWT,3534.97,KWD,Visa,Success,00
TXN_1716,2026-04-10 23:19:00,Meeza_EGY,401.79,EGP,Mastercard,Success,00
TXN_1717,2026-04-01 20:14:00,Zomato_QAT,3585.25,AED,Mastercard,Success,00
TXN_1718,2026-04-12 20:37:00,Noon_KSA,3441.36,QAR,Visa,Success,00
TXN_1719,2026-04-09 07:50:00,Amazon_UAE,4132.45,QAR,Mada,Success,00
TXN_1720,2026-04-11 18:58:00,Noon_KSA,2997.03,KWD,Mada,Success,00
TXN_1721,2026-04-06 04:18:00,Amazon_UAE,414.65,KWD,Meeza,Success,00
TXN_1722,2026-04-05 22:08:00,Amazon_UAE,1820.21,AED,Mastercard,Success,00
TXN_1723,2026-04-05 11:20:00,Zomato_QAT,1603.9,EGP,KNET,Success,00
TXN_1724,2026-04-13 01:23:00,Talabat_KWT,2813.75,AED,Mada,Success,00
TXN_1725,2026-04-06 07:29:00,Meeza_EGY,4311.06,AED,Visa,Success,00
TXN_1726,2026-04-14 11:58:00,Talabat_KWT,4912.74,EGP,Mastercard,System Error,96
TXN_1727,2026-04-01 16:40:00,Meeza_EGY,3029.81,SAR,Visa,Success,00
TXN_1728,2026-04-13 14:50:00,Talabat_KWT,695.9,EGP,Mastercard,Success,00
TXN_1729,2026-04-03 17:06:00,Talabat_KWT,2137.71,AED,KNET,Success,00
TXN_1730,2026-04-02 14:42:00,Meeza_EGY,4240.25,SAR,Mastercard,Success,00
TXN_1731,2026-04-12 13:34:00,Talabat_KWT,4820.55,QAR,Mada,Success,00
TXN_1732,2026-04-01 00:04:00,Noon_KSA,2452.27,QAR,Meeza,Declined,51
TXN_1733,2026-04-05 06:49:00,Amazon_UAE,1606.58,QAR,Mastercard,Success,00
TXN_1734,2026-04-01 15:21:00,Talabat_KWT,167.57,EGP,Meeza,Success,00
TXN_1735,2026-04-08 03:19:00,Talabat_KWT,780.71,SAR,Meeza,Timeout,91
TXN_1736,2026-04-12 22:08:00,Zomato_QAT,1232.59,KWD,KNET,Success,00
TXN_1737,2026-04-10 09:49:00,Zomato_QAT,2521.34,SAR,Meeza,Success,00
TXN_1738,2026-04-04 22:36:00,Amazon_UAE,1469.4,AED,KNET,Success,00
TXN_1739,2026-04-14 20:54:00,Meeza_EGY,4592.34,SAR,Meeza,Success,00
TXN_1740,2026-04-13 17:57:00,Talabat_KWT,2663.84,KWD,NAPS,Success,00
TXN_1741,2026-04-13 15:38:00,Amazon_UAE,929.15,KWD,Meeza,Declined,61
TXN_1742,2026-04-08 10:16:00,Zomato_QAT,1549.26,EGP,NAPS,Declined,61
TXN_1743,2026-04-10 15:44:00,Noon_KSA,4151.62,KWD,Mada,Success,00
TXN_1744,2026-04-05 16:53:00,Talabat_KWT,2314.92,QAR,NAPS,Success,00
TXN_1745,2026-04-11 10:28:00,Meeza_EGY,520.3,QAR,Visa,Declined,54
TXN_1746,2026-04-06 15:18:00,Amazon_UAE,420.8,EGP,Mada,Success,00
TXN_1747,2026-04-04 10:40:00,Meeza_EGY,3937.73,KWD,Meeza,Success,00
TXN_1748,2026-04-07 10:16:00,Zomato_QAT,3461.74,KWD,KNET,Success,00
TXN_1749,2026-04-12 04:17:00,Zomato_QAT,3928.74,KWD,KNET,Success,00
TXN_1750,2026-04-05 15:19:00,Zomato_QAT,3185.62,EGP,Visa,Success,00
TXN_1751,2026-04-14 18:16:00,Talabat_KWT,4443.6,SAR,Meeza,Declined,05
TXN_1752,2026-04-09 06:43:00,Meeza_EGY,2040.92,AED,NAPS,Success,00
TXN_1753,2026-04-08 11:44:00,Meeza_EGY,4240.37,KWD,KNET,Declined,54
TXN_1754,2026-04-14 17:23:00,Meeza_EGY,4227.01,QAR,Mastercard,Declined,51
TXN_1755,2026-04-10 17:37:00,Amazon_UAE,1966.96,SAR,Visa,Success,00
TXN_1756,2026-04-07 21:08:00,Zomato_QAT,3401.01,QAR,Meeza,System Error,96
TXN_1757,2026-04-08 04:04:00,Noon_KSA,485.8,SAR,Visa,Success,00
TXN_1758,2026-04-06 11:30:00,Noon_KSA,2979.1,QAR,Visa,Success,00
TXN_1759,2026-04-03 13:54:00,Noon_KSA,1606.14,KWD,Mada,Success,00
TXN_1760,2026-04-11 12:53:00,Amazon_UAE,1969.63,KWD,Meeza,Success,00
TXN_1761,2026-04-07 17:24:00,Meeza_EGY,715.46,QAR,KNET,Success,00
TXN_1762,2026-04-01 14:11:00,Amazon_UAE,1144.92,QAR,Mastercard,Success,00
TXN_1763,2026-04-01 10:57:00,Amazon_UAE,4256.45,SAR,NAPS,Success,00
TXN_1764,2026-04-03 16:12:00,Zomato_QAT,2195.47,AED,Mastercard,Timeout,91
TXN_1765,2026-04-03 02:26:00,Zomato_QAT,2066.77,EGP,Meeza,Declined,61
TXN_1766,2026-04-11 15:05:00,Zomato_QAT,4792.02,QAR,KNET,Success,00
TXN_1767,2026-04-09 10:47:00,Zomato_QAT,3066.05,AED,NAPS,Success,00
TXN_1768,2026-04-01 10:16:00,Meeza_EGY,4942.43,AED,Meeza,Success,00
TXN_1769,2026-04-10 04:49:00,Talabat_KWT,4221.6,SAR,NAPS,Declined,51
TXN_1770,2026-04-14 10:29:00,Amazon_UAE,3661.09,KWD,Mada,Success,00
TXN_1771,2026-04-10 15:44:00,Noon_KSA,904.15,KWD,NAPS,Success,00
TXN_1772,2026-04-10 08:02:00,Amazon_UAE,2000.44,SAR,NAPS,Success,00
TXN_1773,2026-04-01 13:36:00,Talabat_KWT,2361.15,AED,NAPS,Success,00
TXN_1774,2026-04-07 12:00:00,Noon_KSA,4375.72,QAR,Mastercard,Declined,51
TXN_1775,2026-04-12 02:18:00,Noon_KSA,2623.52,QAR,Mastercard,Success,00
TXN_1776,2026-04-01 00:40:00,Talabat_KWT,1130.72,AED,KNET,Success,00
TXN_1777,2026-04-08 02:28:00,Meeza_EGY,749.57,QAR,NAPS,Success,00
TXN_1778,2026-04-08 17:18:00,Amazon_UAE,810.71,KWD,NAPS,Success,00
TXN_1779,2026-04-05 09:26:00,Talabat_KWT,3853.82,SAR,Visa,Success,00
TXN_1780,2026-04-08 05:14:00,Noon_KSA,3696.35,KWD,Mastercard,Success,00
TXN_1781,2026-04-04 19:02:00,Amazon_UAE,2950.09,QAR,Mastercard,Success,00
TXN_1782,2026-04-02 11:13:00,Talabat_KWT,1229.49,SAR,NAPS,Success,00
TXN_1783,2026-04-03 06:43:00,Zomato_QAT,283.31,KWD,Meeza,Timeout,91
TXN_1784,2026-04-09 13:38:00,Meeza_EGY,4537.8,QAR,Meeza,Success,00
TXN_1785,2026-04-10 12:44:00,Amazon_UAE,1228.53,EGP,KNET,Declined,51
TXN_1786,2026-04-13 08:06:00,Noon_KSA,3237.45,SAR,KNET,Success,00
TXN_1787,2026-04-09 20:05:00,Zomato_QAT,2117.26,QAR,Mada,Declined,05
TXN_1788,2026-04-13 02:06:00,Meeza_EGY,3478.32,AED,KNET,Declined,51
TXN_1789,2026-04-08 21:57:00,Noon_KSA,4958.15,EGP,Meeza,Timeout,91
TXN_1790,2026-04-06 03:01:00,Talabat_KWT,2632.26,QAR,Visa,Success,00
TXN_1791,2026-04-11 16:10:00,Amazon_UAE,3618.4,AED,NAPS,Success,00
TXN_1792,2026-04-09 12:43:00,Zomato_QAT,2651.65,SAR,KNET,Success,00
TXN_1793,2026-04-07 23:22:00,Amazon_UAE,833.38,QAR,Mastercard,Success,00
TXN_1794,2026-04-06 09:43:00,Meeza_EGY,3466.41,EGP,NAPS,Success,00
TXN_1795,2026-04-01 12:17:00,Talabat_KWT,2613.96,KWD,Mastercard,Success,00
TXN_1796,2026-04-10 13:04:00,Noon_KSA,1089.49,QAR,Meeza,Success,00
TXN_1797,2026-04-14 06:30:00,Amazon_UAE,3169.54,AED,NAPS,Success,00
TXN_1798,2026-04-01 11:09:00,Amazon_UAE,618.07,SAR,Mada,Success,00
TXN_1799,2026-04-09 08:21:00,Meeza_EGY,2866.94,QAR,KNET,Success,00
TXN_1800,2026-04-09 01:57:00,Amazon_UAE,2987.03,KWD,Mastercard,Success,00
TXN_1801,2026-04-01 15:44:00,Noon_KSA,3658.17,SAR,Meeza,Success,00
TXN_1802,2026-04-06 02:16:00,Talabat_KWT,1441.87,SAR,NAPS,Success,00
TXN_1803,2026-04-10 22:57:00,Noon_KSA,3052.93,QAR,Mastercard,Success,00
TXN_1804,2026-04-06 08:38:00,Meeza_EGY,2218.68,EGP,Mastercard,Declined,05
TXN_1805,2026-04-11 18:44:00,Noon_KSA,3566.49,KWD,Visa,Declined,51
TXN_1806,2026-04-09 22:18:00,Talabat_KWT,1717.08,QAR,NAPS,Success,00
TXN_1807,2026-04-11 07:50:00,Meeza_EGY,1295.21,SAR,Mastercard,Success,00
TXN_1808,2026-04-01 02:42:00,Amazon_UAE,3958.58,KWD,KNET,Success,00
TXN_1809,2026-04-03 09:47:00,Amazon_UAE,588.03,AED,KNET,Success,00
TXN_1810,2026-04-01 23:17:00,Zomato_QAT,3432.93,KWD,Mastercard,Success,00
TXN_1811,2026-04-05 19:18:00,Amazon_UAE,3502.41,SAR,Mada,Success,00
TXN_1812,2026-04-09 03:20:00,Meeza_EGY,3090.05,KWD,KNET,Success,00
TXN_1813,2026-04-07 22:07:00,Meeza_EGY,4214.97,KWD,NAPS,Success,00
TXN_1814,2026-04-13 22:33:00,Zomato_QAT,3776.55,KWD,Meeza,Success,00
TXN_1815,2026-04-10 18:27:00,Meeza_EGY,4391.53,QAR,Visa,Declined,61
TXN_1816,2026-04-05 14:47:00,Meeza_EGY,1975.23,AED,Meeza,Success,00
TXN_1817,2026-04-02 17:48:00,Zomato_QAT,2497.17,KWD,KNET,Success,00
TXN_1818,2026-04-06 11:15:00,Zomato_QAT,4555.81,QAR,NAPS,Success,00
TXN_1819,2026-04-11 20:02:00,Meeza_EGY,1961.85,AED,Visa,Success,00
TXN_1820,2026-04-10 09:26:00,Talabat_KWT,2316.11,KWD,Visa,Declined,61
TXN_1821,2026-04-14 06:42:00,Talabat_KWT,2934.73,EGP,NAPS,Success,00
TXN_1822,2026-04-06 10:13:00,Zomato_QAT,3546.34,SAR,NAPS,Success,00
TXN_1823,2026-04-14 15:22:00,Zomato_QAT,3864.47,QAR,Visa,Success,00
TXN_1824,2026-04-02 02:29:00,Zomato_QAT,865.49,SAR,NAPS,Success,00
TXN_1825,2026-04-13 14:14:00,Zomato_QAT,3996.62,EGP,Meeza,Success,00
TXN_1826,2026-04-03 16:04:00,Amazon_UAE,4242.29,KWD,KNET,Success,00
TXN_1827,2026-04-07 09:46:00,Talabat_KWT,4790.05,KWD,Meeza,Declined,05
TXN_1828,2026-04-07 06:23:00,Zomato_QAT,1262.74,QAR,Meeza,Declined,05
TXN_1829,2026-04-01 11:50:00,Meeza_EGY,3768.51,QAR,KNET,Success,00
TXN_1830,2026-04-04 23:52:00,Meeza_EGY,4276.71,AED,Mada,Success,00
TXN_1831,2026-04-10 08:48:00,Noon_KSA,4753.45,SAR,Mada,Timeout,91
TXN_1832,2026-04-13 02:57:00,Meeza_EGY,4470.08,QAR,KNET,Success,00
TXN_1833,2026-04-11 08:50:00,Amazon_UAE,444.24,KWD,Visa,Success,00
TXN_1834,2026-04-13 01:43:00,Noon_KSA,692.99,QAR,Mada,Success,00
TXN_1835,2026-04-01 05:55:00,Zomato_QAT,741.36,KWD,Mada,Success,00
TXN_1836,2026-04-08 10:00:00,Zomato_QAT,2966.36,AED,Mada,Success,00
TXN_1837,2026-04-12 16:29:00,Amazon_UAE,1898.95,EGP,Meeza,Success,00
TXN_1838,2026-04-09 20:11:00,Amazon_UAE,3586.4,EGP,Meeza,Success,00
TXN_1839,2026-04-13 10:29:00,Zomato_QAT,2235.56,AED,KNET,Success,00
TXN_1840,2026-04-01 14:53:00,Talabat_KWT,373.02,EGP,Meeza,Success,00
TXN_1841,2026-04-11 06:26:00,Meeza_EGY,881.95,QAR,Meeza,Success,00
TXN_1842,2026-04-06 17:45:00,Zomato_QAT,4722.35,AED,NAPS,Declined,05
TXN_1843,2026-04-08 14:51:00,Amazon_UAE,2663.46,AED,KNET,Declined,05
TXN_1844,2026-04-10 18:22:00,Amazon_UAE,214.16,EGP,Mada,Success,00
TXN_1845,2026-04-04 21:06:00,Amazon_UAE,4672.51,QAR,Meeza,Declined,51
TXN_1846,2026-04-08 12:01:00,Talabat_KWT,1789.09,EGP,Mastercard,Success,00
TXN_1847,2026-04-03 05:17:00,Amazon_UAE,4935.37,AED,Visa,Success,00
TXN_1848,2026-04-12 03:47:00,Amazon_UAE,1128.9,SAR,Mada,Success,00
TXN_1849,2026-04-03 20:54:00,Talabat_KWT,751.6,QAR,Mastercard,Success,00
TXN_1850,2026-04-04 08:12:00,Talabat_KWT,4028.48,EGP,Mastercard,Success,00
TXN_1851,2026-04-02 12:19:00,Talabat_KWT,1388.41,AED,Meeza,Success,00
TXN_1852,2026-04-10 23:23:00,Amazon_UAE,3738.25,KWD,Mastercard,Success,00
TXN_1853,2026-04-10 23:02:00,Amazon_UAE,2069.0,SAR,Mada,Success,00
TXN_1854,2026-04-09 13:55:00,Noon_KSA,4606.99,QAR,Mada,Success,00
TXN_1855,2026-04-01 03:01:00,Noon_KSA,689.71,EGP,Visa,Success,00
TXN_1856,2026-04-10 03:25:00,Noon_KSA,2262.92,KWD,Visa,Declined,05
TXN_1857,2026-04-08 22:41:00,Zomato_QAT,1532.47,AED,NAPS,Timeout,91
TXN_1858,2026-04-11 08:37:00,Meeza_EGY,1727.16,KWD,Mada,Success,00
TXN_1859,2026-04-06 23:37:00,Amazon_UAE,1249.72,AED,Mada,Success,00
TXN_1860,2026-04-09 14:24:00,Meeza_EGY,573.55,AED,Meeza,Declined,05
TXN_1861,2026-04-10 11:07:00,Amazon_UAE,3923.47,AED,Meeza,Success,00
TXN_1862,2026-04-07 03:13:00,Amazon_UAE,4156.04,KWD,Visa,Success,00
TXN_1863,2026-04-14 00:22:00,Talabat_KWT,3465.04,EGP,KNET,Success,00
TXN_1864,2026-04-02 19:43:00,Noon_KSA,3364.94,SAR,KNET,Success,00
TXN_1865,2026-04-08 14:37:00,Noon_KSA,4352.85,QAR,Mastercard,Success,00
TXN_1866,2026-04-13 13:19:00,Talabat_KWT,1763.28,EGP,Meeza,Success,00
TXN_1867,2026-04-02 20:38:00,Talabat_KWT,4320.9,KWD,Meeza,Success,00
TXN_1868,2026-04-13 06:01:00,Zomato_QAT,391.91,EGP,Mada,Success,00
TXN_1869,2026-04-10 09:37:00,Noon_KSA,4993.04,EGP,Mada,Declined,61
TXN_1870,2026-04-07 08:02:00,Talabat_KWT,3449.8,SAR,NAPS,Success,00
TXN_1871,2026-04-01 09:16:00,Noon_KSA,4682.64,AED,NAPS,Success,00
TXN_1872,2026-04-13 23:30:00,Talabat_KWT,733.56,QAR,Meeza,Success,00
TXN_1873,2026-04-01 11:16:00,Amazon_UAE,1016.62,EGP,KNET,Success,00
TXN_1874,2026-04-01 19:18:00,Meeza_EGY,203.92,SAR,NAPS,Success,00
TXN_1875,2026-04-12 07:35:00,Zomato_QAT,1023.31,QAR,Meeza,Timeout,91
TXN_1876,2026-04-11 18:48:00,Meeza_EGY,2220.69,QAR,KNET,Timeout,91
TXN_1877,2026-04-09 19:10:00,Meeza_EGY,840.55,AED,Mada,Success,00
TXN_1878,2026-04-08 20:53:00,Amazon_UAE,4202.17,KWD,Meeza,Success,00
TXN_1879,2026-04-11 05:29:00,Noon_KSA,3963.34,AED,NAPS,Success,00
TXN_1880,2026-04-13 13:42:00,Amazon_UAE,3746.01,SAR,Mastercard,System Error,96
TXN_1881,2026-04-10 18:43:00,Noon_KSA,1025.93,EGP,Visa,Success,00
TXN_1882,2026-04-07 12:10:00,Meeza_EGY,4836.38,AED,Meeza,Success,00
TXN_1883,2026-04-08 13:47:00,Meeza_EGY,2365.1,QAR,KNET,Success,00
TXN_1884,2026-04-01 17:13:00,Talabat_KWT,1327.99,EGP,Mastercard,Timeout,91
TXN_1885,2026-04-04 19:17:00,Talabat_KWT,1805.28,EGP,Mada,Success,00
TXN_1886,2026-04-05 15:52:00,Meeza_EGY,1430.88,QAR,NAPS,Success,00
TXN_1887,2026-04-08 22:30:00,Talabat_KWT,4602.77,KWD,NAPS,Success,00
TXN_1888,2026-04-03 12:30:00,Amazon_UAE,2581.99,SAR,KNET,Success,00
TXN_1889,2026-04-03 00:28:00,Amazon_UAE,237.64,AED,Mastercard,Success,00
TXN_1890,2026-04-13 21:17:00,Amazon_UAE,873.17,EGP,NAPS,Success,00
TXN_1891,2026-04-07 00:09:00,Talabat_KWT,2320.27,EGP,Mastercard,Declined,05
TXN_1892,2026-04-07 00:49:00,Amazon_UAE,820.64,QAR,KNET,Success,00
TXN_1893,2026-04-01 06:41:00,Talabat_KWT,3459.0,EGP,Mastercard,Success,00
TXN_1894,2026-04-14 16:53:00,Zomato_QAT,1950.17,QAR,NAPS,Success,00
TXN_1895,2026-04-09 21:10:00,Talabat_KWT,1184.51,SAR,NAPS,Success,00
TXN_1896,2026-04-03 16:41:00,Zomato_QAT,1051.47,QAR,Meeza,Success,00
TXN_1897,2026-04-03 04:13:00,Noon_KSA,352.44,QAR,KNET,System Error,96
TXN_1898,2026-04-01 04:33:00,Meeza_EGY,1466.26,SAR,KNET,Success,00
TXN_1899,2026-04-01 10:23:00,Talabat_KWT,1023.72,EGP,Visa,Success,00
TXN_1900,2026-04-03 17:36:00,Noon_KSA,4148.28,KWD,Mastercard,Success,00
TXN_1901,2026-04-14 20:38:00,Zomato_QAT,3621.91,EGP,Mastercard,Success,00
TXN_1902,2026-04-02 22:09:00,Zomato_QAT,351.89,KWD,Meeza,Success,00
TXN_1903,2026-04-13 20:33:00,Meeza_EGY,4542.49,AED,Mada,Success,00
TXN_1904,2026-04-10 11:05:00,Zomato_QAT,1525.62,SAR,NAPS,Declined,54
TXN_1905,2026-04-11 09:21:00,Zomato_QAT,2601.7,KWD,Visa,Success,00
TXN_1906,2026-04-06 17:41:00,Zomato_QAT,4674.26,QAR,Mastercard,Success,00
TXN_1907,2026-04-12 11:11:00,Amazon_UAE,1523.32,EGP,Mada,Declined,54
TXN_1908,2026-04-10 12:51:00,Zomato_QAT,2555.64,AED,Meeza,Success,00
TXN_1909,2026-04-12 05:06:00,Amazon_UAE,2720.0,KWD,Mastercard,Success,00
TXN_1910,2026-04-10 15:39:00,Meeza_EGY,1926.46,AED,Meeza,Success,00
TXN_1911,2026-04-04 09:32:00,Amazon_UAE,3338.04,SAR,Visa,Success,00
TXN_1912,2026-04-03 23:05:00,Zomato_QAT,4916.7,SAR,KNET,Success,00
TXN_1913,2026-04-08 05:45:00,Zomato_QAT,1012.53,AED,Mastercard,Success,00
TXN_1914,2026-04-02 07:06:00,Talabat_KWT,2630.9,QAR,NAPS,Success,00
TXN_1915,2026-04-06 02:27:00,Talabat_KWT,4005.72,QAR,Mada,Declined,61
TXN_1916,2026-04-10 09:21:00,Amazon_UAE,4219.98,QAR,Mastercard,Timeout,91
TXN_1917,2026-04-10 02:19:00,Meeza_EGY,1608.08,AED,Meeza,Success,00
TXN_1918,2026-04-01 11:32:00,Talabat_KWT,462.75,SAR,NAPS,Success,00
TXN_1919,2026-04-10 06:31:00,Zomato_QAT,2019.69,EGP,NAPS,Success,00
TXN_1920,2026-04-08 13:49:00,Amazon_UAE,3184.66,EGP,Meeza,Success,00
TXN_1921,2026-04-03 00:15:00,Amazon_UAE,4448.03,EGP,NAPS,Timeout,91
TXN_1922,2026-04-08 21:52:00,Noon_KSA,4424.12,SAR,NAPS,Success,00
TXN_1923,2026-04-05 01:20:00,Talabat_KWT,4608.56,QAR,NAPS,Success,00
TXN_1924,2026-04-03 21:08:00,Talabat_KWT,1367.99,AED,Visa,Success,00
TXN_1925,2026-04-06 02:27:00,Zomato_QAT,1844.11,KWD,NAPS,Success,00
TXN_1926,2026-04-12 00:44:00,Noon_KSA,2881.86,EGP,Visa,Declined,54
TXN_1927,2026-04-11 12:26:00,Talabat_KWT,3967.81,KWD,Meeza,Success,00
TXN_1928,2026-04-13 19:31:00,Zomato_QAT,1915.96,KWD,Visa,Success,00
TXN_1929,2026-04-05 16:25:00,Noon_KSA,1813.0,KWD,Mastercard,Success,00
TXN_1930,2026-04-04 22:08:00,Meeza_EGY,4476.79,EGP,Mastercard,Success,00
TXN_1931,2026-04-01 18:34:00,Noon_KSA,867.4,EGP,NAPS,Success,00
TXN_1932,2026-04-11 09:40:00,Zomato_QAT,464.88,SAR,Visa,Success,00
TXN_1933,2026-04-07 06:34:00,Noon_KSA,95.62,SAR,Meeza,Success,00
TXN_1934,2026-04-05 12:04:00,Talabat_KWT,4301.61,KWD,Mastercard,Success,00
TXN_1935,2026-04-02 15:55:00,Meeza_EGY,1400.35,AED,Mastercard,Success,00
TXN_1936,2026-04-03 05:42:00,Noon_KSA,3799.81,AED,Visa,Success,00
TXN_1937,2026-04-08 22:25:00,Noon_KSA,810.21,EGP,Mada,Success,00
TXN_1938,2026-04-04 07:24:00,Zomato_QAT,4925.19,KWD,KNET,Timeout,91
TXN_1939,2026-04-14 21:17:00,Talabat_KWT,2732.65,SAR,Mada,System Error,96
TXN_1940,2026-04-05 23:46:00,Amazon_UAE,3173.23,EGP,KNET,Success,00
TXN_1941,2026-04-14 05:05:00,Talabat_KWT,3313.1,QAR,Meeza,Success,00
TXN_1942,2026-04-11 15:37:00,Zomato_QAT,1952.42,EGP,Meeza,Success,00
TXN_1943,2026-04-11 17:30:00,Meeza_EGY,258.85,QAR,Mastercard,Declined,51
TXN_1944,2026-04-14 02:26:00,Meeza_EGY,3212.28,AED,Meeza,Success,00
TXN_1945,2026-04-07 02:23:00,Zomato_QAT,2164.93,EGP,Mastercard,Declined,54
TXN_1946,2026-04-08 12:55:00,Noon_KSA,4508.23,KWD,KNET,Success,00
TXN_1947,2026-04-10 14:16:00,Talabat_KWT,2137.36,SAR,KNET,Success,00
TXN_1948,2026-04-06 11:08:00,Talabat_KWT,940.36,EGP,Meeza,Success,00
TXN_1949,2026-04-14 08:38:00,Talabat_KWT,1574.47,EGP,Mada,Success,00
TXN_1950,2026-04-14 17:31:00,Noon_KSA,3712.13,SAR,NAPS,Success,00
TXN_1951,2026-04-07 18:51:00,Talabat_KWT,2456.39,KWD,Mastercard,Success,00
TXN_1952,2026-04-01 10:19:00,Meeza_EGY,3836.58,QAR,NAPS,Success,00
TXN_1953,2026-04-04 12:49:00,Talabat_KWT,772.43,SAR,NAPS,Success,00
TXN_1954,2026-04-13 12:11:00,Noon_KSA,4527.2,QAR,NAPS,Success,00
TXN_1955,2026-04-01 23:55:00,Meeza_EGY,616.63,KWD,KNET,Success,00
TXN_1956,2026-04-01 18:19:00,Amazon_UAE,176.02,EGP,Visa,Success,00
TXN_1957,2026-04-05 21:39:00,Zomato_QAT,2898.69,KWD,NAPS,Success,00
TXN_1958,2026-04-06 01:07:00,Noon_KSA,441.24,SAR,Mada,Success,00
TXN_1959,2026-04-01 22:02:00,Zomato_QAT,686.33,SAR,KNET,Success,00
TXN_1960,2026-04-06 20:43:00,Noon_KSA,3536.63,EGP,KNET,Success,00
TXN_1961,2026-04-07 08:49:00,Noon_KSA,4687.45,EGP,Mastercard,Success,00
TXN_1962,2026-04-03 15:16:00,Amazon_UAE,4551.08,KWD,Meeza,Success,00
TXN_1963,2026-04-03 20:09:00,Zomato_QAT,3073.03,KWD,Visa,Success,00
TXN_1964,2026-04-03 06:25:00,Amazon_UAE,985.3,EGP,Mastercard,Success,00
TXN_1965,2026-04-05 13:25:00,Zomato_QAT,4921.09,EGP,Mastercard,Success,00
TXN_1966,2026-04-03 23:04:00,Talabat_KWT,1270.11,KWD,Meeza,Success,00
TXN_1967,2026-04-05 01:01:00,Meeza_EGY,2155.87,AED,Visa,Success,00
TXN_1968,2026-04-06 09:36:00,Zomato_QAT,3624.3,EGP,Meeza,Success,00
TXN_1969,2026-04-05 03:03:00,Zomato_QAT,4365.85,KWD,Mastercard,Success,00
TXN_1970,2026-04-08 13:04:00,Talabat_KWT,2317.33,AED,KNET,Success,00
TXN_1971,2026-04-06 10:33:00,Noon_KSA,3095.17,AED,Meeza,Success,00
TXN_1972,2026-04-14 07:40:00,Amazon_UAE,3807.98,SAR,Visa,Success,00
TXN_1973,2026-04-01 03:25:00,Zomato_QAT,3672.89,QAR,Mastercard,Success,00
TXN_1974,2026-04-12 07:11:00,Amazon_UAE,1449.7,AED,Visa,Success,00
TXN_1975,2026-04-08 07:33:00,Amazon_UAE,2951.74,QAR,Visa,Success,00
TXN_1976,2026-04-03 19:16:00,Noon_KSA,1030.25,QAR,Meeza,Success,00
TXN_1977,2026-04-10 12:45:00,Noon_KSA,2084.34,KWD,KNET,Success,00
TXN_1978,2026-04-08 16:05:00,Talabat_KWT,4982.2,SAR,NAPS,Success,00
TXN_1979,2026-04-02 05:32:00,Talabat_KWT,1430.84,AED,Visa,Success,00
TXN_1980,2026-04-05 05:35:00,Meeza_EGY,2053.07,SAR,NAPS,Timeout,91
TXN_1981,2026-04-08 07:32:00,Meeza_EGY,4224.52,KWD,Meeza,Success,00
TXN_1982,2026-04-14 03:45:00,Meeza_EGY,2781.46,AED,KNET,Success,00
TXN_1983,2026-04-09 15:23:00,Amazon_UAE,1481.02,EGP,Meeza,Success,00
TXN_1984,2026-04-11 18:19:00,Zomato_QAT,1619.51,QAR,Mastercard,Success,00
TXN_1985,2026-04-08 09:45:00,Amazon_UAE,3954.1,EGP,Meeza,Success,00
TXN_1986,2026-04-08 20:33:00,Amazon_UAE,3686.55,SAR,NAPS,Success,00
TXN_1987,2026-04-13 08:14:00,Talabat_KWT,3635.86,QAR,Visa,Success,00
TXN_1988,2026-04-08 01:02:00,Meeza_EGY,1425.44,AED,KNET,Success,00
TXN_1989,2026-04-07 17:47:00,Talabat_KWT,2221.57,SAR,Meeza,Success,00
TXN_1990,2026-04-14 21:00:00,Amazon_UAE,4738.33,AED,Visa,Timeout,91
TXN_1991,2026-04-13 14:11:00,Amazon_UAE,2175.83,AED,Meeza,Success,00
TXN_1992,2026-04-01 06:15:00,Noon_KSA,4090.3,AED,KNET,Success,00
TXN_1993,2026-04-08 21:32:00,Talabat_KWT,1317.63,KWD,KNET,Success,00
TXN_1994,2026-04-14 03:04:00,Amazon_UAE,3031.27,QAR,NAPS,Declined,61
TXN_1995,2026-04-13 08:01:00,Noon_KSA,2765.71,KWD,Mada,Success,00
TXN_1996,2026-04-05 00:21:00,Amazon_UAE,1968.01,QAR,Visa,Success,00
TXN_1997,2026-04-11 09:44:00,Meeza_EGY,1411.37,QAR,Mada,Success,00
TXN_1998,2026-04-11 09:29:00,Noon_KSA,4974.08,EGP,KNET,Success,00
TXN_1999,2026-04-11 14:24:00,Noon_KSA,1326.55,EGP,KNET,Timeout,91
TXN_2000,2026-04-05 05:27:00,Noon_KSA,403.57,KWD,Mada,Success,00
TXN_2001,2026-04-04 12:00:00,Zomato_QAT,1013.11,EGP,Mastercard,Timeout,91
TXN_2002,2026-04-01 07:08:00,Meeza_EGY,2003.48,SAR,NAPS,Success,00
TXN_2003,2026-04-13 01:18:00,Noon_KSA,4544.89,KWD,NAPS,System Error,96
TXN_2004,2026-04-03 20:57:00,Meeza_EGY,2118.69,AED,Mastercard,Success,00
TXN_2005,2026-04-01 13:59:00,Zomato_QAT,217.93,KWD,NAPS,Success,00
TXN_2006,2026-04-02 20:55:00,Amazon_UAE,278.01,AED,NAPS,System Error,96
TXN_2007,2026-04-08 10:17:00,Amazon_UAE,4356.68,KWD,Visa,Success,00
TXN_2008,2026-04-12 20:51:00,Meeza_EGY,1802.19,EGP,Mada,Success,00
TXN_2009,2026-04-07 01:16:00,Noon_KSA,4961.01,SAR,Mada,Success,00
TXN_2010,2026-04-10 04:55:00,Talabat_KWT,4831.49,EGP,NAPS,Success,00
TXN_2011,2026-04-13 17:16:00,Zomato_QAT,1107.41,QAR,Mastercard,Success,00
TXN_2012,2026-04-11 18:06:00,Noon_KSA,491.8,AED,Visa,Success,00
TXN_2013,2026-04-09 01:14:00,Amazon_UAE,1734.14,QAR,Meeza,Success,00
TXN_2014,2026-04-08 10:14:00,Talabat_KWT,4531.16,QAR,Visa,Success,00
TXN_2015,2026-04-11 00:18:00,Amazon_UAE,3153.15,QAR,Visa,Success,00
TXN_2016,2026-04-12 00:51:00,Meeza_EGY,3984.51,QAR,Meeza,Success,00
TXN_2017,2026-04-05 05:30:00,Meeza_EGY,2964.69,EGP,Mastercard,Success,00
TXN_2018,2026-04-13 08:32:00,Noon_KSA,3656.2,AED,KNET,Declined,61
TXN_2019,2026-04-08 20:47:00,Noon_KSA,892.12,EGP,Visa,Success,00
TXN_2020,2026-04-10 11:00:00,Talabat_KWT,2140.76,EGP,Meeza,Success,00
TXN_2021,2026-04-05 21:40:00,Meeza_EGY,1748.73,KWD,Meeza,Declined,61
TXN_2022,2026-04-03 05:19:00,Zomato_QAT,1803.86,KWD,Mada,Declined,51
TXN_2023,2026-04-14 00:01:00,Zomato_QAT,1424.37,QAR,Mada,Success,00
TXN_2024,2026-04-06 05:20:00,Meeza_EGY,1292.46,SAR,Meeza,Success,00
TXN_2025,2026-04-10 14:34:00,Meeza_EGY,2270.5,AED,Meeza,Success,00
TXN_2026,2026-04-12 17:33:00,Noon_KSA,960.98,SAR,Mastercard,Success,00
TXN_2027,2026-04-10 11:19:00,Talabat_KWT,2745.78,AED,Visa,Success,00
TXN_2028,2026-04-06 14:23:00,Noon_KSA,3026.06,EGP,KNET,Success,00
TXN_2029,2026-04-05 15:44:00,Talabat_KWT,4206.66,QAR,Visa,Success,00
TXN_2030,2026-04-11 11:30:00,Meeza_EGY,1980.5,EGP,Meeza,System Error,96
TXN_2031,2026-04-10 13:58:00,Zomato_QAT,1230.57,AED,Visa,Success,00
TXN_2032,2026-04-12 21:55:00,Noon_KSA,3562.57,QAR,Meeza,Success,00
TXN_2033,2026-04-07 18:21:00,Meeza_EGY,1266.32,KWD,NAPS,Success,00
TXN_2034,2026-04-11 04:50:00,Talabat_KWT,3392.08,QAR,Visa,Success,00
TXN_2035,2026-04-03 11:21:00,Noon_KSA,4837.41,EGP,Mastercard,Success,00
TXN_2036,2026-04-10 15:47:00,Noon_KSA,642.58,SAR,NAPS,Success,00
TXN_2037,2026-04-10 18:31:00,Noon_KSA,657.89,KWD,Meeza,Success,00
TXN_2038,2026-04-08 01:09:00,Talabat_KWT,382.45,KWD,NAPS,Success,00
TXN_2039,2026-04-08 22:02:00,Talabat_KWT,4579.32,KWD,Mada,Success,00
TXN_2040,2026-04-09 08:24:00,Talabat_KWT,1804.16,SAR,Mastercard,Success,00
TXN_2041,2026-04-04 12:54:00,Noon_KSA,74.21,KWD,Mada,Timeout,91
TXN_2042,2026-04-01 14:33:00,Amazon_UAE,489.98,AED,Visa,Success,00
TXN_2043,2026-04-01 19:06:00,Amazon_UAE,4451.87,AED,Mada,Declined,05
TXN_2044,2026-04-05 12:38:00,Meeza_EGY,4098.24,QAR,Meeza,Success,00
TXN_2045,2026-04-11 03:54:00,Zomato_QAT,172.73,EGP,Mada,Success,00
TXN_2046,2026-04-09 08:06:00,Meeza_EGY,2154.97,AED,Visa,Success,00
TXN_2047,2026-04-11 18:28:00,Noon_KSA,4362.83,SAR,KNET,Success,00
TXN_2048,2026-04-02 05:44:00,Talabat_KWT,2454.94,SAR,Meeza,Timeout,91
TXN_2049,2026-04-07 09:09:00,Talabat_KWT,3247.68,SAR,Meeza,Success,00
TXN_2050,2026-04-04 21:50:00,Zomato_QAT,3391.26,QAR,Visa,Success,00
TXN_2051,2026-04-14 20:00:00,Zomato_QAT,1996.99,AED,Visa,Success,00
TXN_2052,2026-04-14 10:24:00,Meeza_EGY,3551.72,EGP,Visa,Success,00
TXN_2053,2026-04-07 06:09:00,Noon_KSA,194.09,KWD,KNET,Success,00
TXN_2054,2026-04-11 09:10:00,Talabat_KWT,4247.06,SAR,NAPS,Success,00
TXN_2055,2026-04-09 19:59:00,Amazon_UAE,301.36,SAR,NAPS,Success,00
TXN_2056,2026-04-11 06:26:00,Amazon_UAE,4984.94,AED,Mada,Success,00
TXN_2057,2026-04-13 20:23:00,Zomato_QAT,4786.26,EGP,NAPS,Success,00
TXN_2058,2026-04-12 13:39:00,Talabat_KWT,617.24,AED,Mada,Success,00
TXN_2059,2026-04-13 06:55:00,Amazon_UAE,3088.54,AED,NAPS,Success,00
TXN_2060,2026-04-05 18:07:00,Meeza_EGY,4411.34,KWD,Meeza,Success,00
TXN_2061,2026-04-11 11:04:00,Zomato_QAT,4314.6,AED,Mastercard,Declined,54
TXN_2062,2026-04-04 12:46:00,Meeza_EGY,4992.29,QAR,Mada,Success,00
TXN_2063,2026-04-04 22:53:00,Noon_KSA,2174.49,KWD,Meeza,Success,00
TXN_2064,2026-04-04 03:46:00,Noon_KSA,3561.25,KWD,Meeza,Success,00
TXN_2065,2026-04-12 09:09:00,Amazon_UAE,4247.5,SAR,Mastercard,Success,00
TXN_2066,2026-04-10 02:33:00,Meeza_EGY,799.74,QAR,Mastercard,Declined,51
TXN_2067,2026-04-03 02:16:00,Talabat_KWT,1919.0,SAR,Mada,Success,00
TXN_2068,2026-04-02 17:08:00,Amazon_UAE,998.62,SAR,Meeza,Success,00
TXN_2069,2026-04-01 07:41:00,Zomato_QAT,1500.17,KWD,Visa,Success,00
TXN_2070,2026-04-08 17:05:00,Talabat_KWT,4976.2,EGP,Meeza,Success,00
TXN_2071,2026-04-12 12:08:00,Noon_KSA,4413.69,QAR,Mastercard,Declined,05
TXN_2072,2026-04-05 17:06:00,Talabat_KWT,4573.3,SAR,Visa,Success,00
TXN_2073,2026-04-11 06:42:00,Zomato_QAT,2871.83,AED,KNET,Success,00
TXN_2074,2026-04-05 15:06:00,Zomato_QAT,2550.55,AED,Meeza,Success,00
TXN_2075,2026-04-08 07:09:00,Talabat_KWT,3713.03,SAR,Visa,Success,00
TXN_2076,2026-04-11 21:26:00,Meeza_EGY,2899.65,SAR,Visa,System Error,96
TXN_2077,2026-04-06 09:22:00,Noon_KSA,808.29,EGP,Mada,Declined,05
TXN_2078,2026-04-05 21:40:00,Meeza_EGY,276.97,EGP,KNET,Success,00
TXN_2079,2026-04-05 23:23:00,Zomato_QAT,294.59,SAR,KNET,Success,00
TXN_2080,2026-04-08 09:19:00,Meeza_EGY,2699.84,QAR,NAPS,Success,00
TXN_2081,2026-04-01 06:31:00,Meeza_EGY,1026.77,KWD,Mastercard,Success,00
TXN_2082,2026-04-04 14:25:00,Amazon_UAE,1360.53,EGP,KNET,Success,00
TXN_2083,2026-04-04 17:43:00,Zomato_QAT,3689.86,EGP,Visa,Success,00
TXN_2084,2026-04-13 17:41:00,Noon_KSA,4093.65,SAR,Visa,Success,00
TXN_2085,2026-04-14 17:54:00,Noon_KSA,4038.64,KWD,NAPS,Success,00
TXN_2086,2026-04-09 15:59:00,Talabat_KWT,442.65,AED,Mada,Success,00
TXN_2087,2026-04-14 04:20:00,Talabat_KWT,1042.15,QAR,Visa,Success,00
TXN_2088,2026-04-13 03:29:00,Zomato_QAT,2763.51,SAR,KNET,Success,00
TXN_2089,2026-04-10 19:14:00,Amazon_UAE,3024.17,AED,NAPS,Success,00
TXN_2090,2026-04-09 04:42:00,Noon_KSA,1398.06,KWD,Meeza,System Error,96
TXN_2091,2026-04-07 05:11:00,Noon_KSA,4731.17,AED,NAPS,Success,00
TXN_2092,2026-04-02 10:34:00,Noon_KSA,4439.54,EGP,Mada,Success,00
TXN_2093,2026-04-13 09:33:00,Noon_KSA,2407.58,KWD,NAPS,Success,00
TXN_2094,2026-04-11 00:59:00,Amazon_UAE,168.75,EGP,KNET,Success,00
TXN_2095,2026-04-10 14:10:00,Meeza_EGY,1147.28,AED,KNET,Success,00
TXN_2096,2026-04-10 17:48:00,Talabat_KWT,871.69,QAR,NAPS,Success,00
TXN_2097,2026-04-04 19:15:00,Amazon_UAE,4819.64,EGP,Meeza,Success,00
TXN_2098,2026-04-06 01:07:00,Talabat_KWT,436.0,AED,Meeza,Success,00
TXN_2099,2026-04-09 12:13:00,Amazon_UAE,1622.18,AED,NAPS,Success,00
TXN_2100,2026-04-07 11:59:00,Noon_KSA,3285.84,EGP,NAPS,Success,00
TXN_2101,2026-04-03 17:19:00,Meeza_EGY,2334.02,QAR,NAPS,Success,00
TXN_2102,2026-04-02 03:53:00,Amazon_UAE,4062.88,EGP,Meeza,Success,00
TXN_2103,2026-04-05 10:58:00,Noon_KSA,242.08,AED,KNET,System Error,96
TXN_2104,2026-04-05 17:18:00,Amazon_UAE,1733.27,AED,NAPS,Success,00
TXN_2105,2026-04-01 11:45:00,Noon_KSA,3304.55,KWD,Mastercard,Declined,05
TXN_2106,2026-04-06 22:05:00,Amazon_UAE,3508.33,AED,Meeza,Timeout,91
TXN_2107,2026-04-12 00:31:00,Noon_KSA,2691.48,QAR,Mastercard,Success,00
TXN_2108,2026-04-04 11:53:00,Talabat_KWT,2627.9,EGP,Mastercard,Success,00
TXN_2109,2026-04-01 03:23:00,Noon_KSA,3711.26,QAR,Mada,Success,00
TXN_2110,2026-04-01 08:01:00,Noon_KSA,1367.9,EGP,Mada,Success,00
TXN_2111,2026-04-04 06:58:00,Talabat_KWT,3632.62,EGP,Mada,Timeout,91
TXN_2112,2026-04-12 22:00:00,Noon_KSA,2202.79,EGP,Mastercard,Success,00
TXN_2113,2026-04-08 21:41:00,Meeza_EGY,4557.11,KWD,Visa,Declined,54
TXN_2114,2026-04-04 11:08:00,Noon_KSA,4457.55,AED,NAPS,Success,00
TXN_2115,2026-04-04 21:30:00,Amazon_UAE,2332.97,SAR,KNET,Success,00
TXN_2116,2026-04-09 12:03:00,Talabat_KWT,4712.33,KWD,Meeza,Success,00
TXN_2117,2026-04-08 02:04:00,Talabat_KWT,2075.71,AED,KNET,Success,00
TXN_2118,2026-04-12 04:07:00,Meeza_EGY,2385.84,AED,NAPS,Success,00
TXN_2119,2026-04-11 13:02:00,Talabat_KWT,4710.27,KWD,Visa,Declined,61
TXN_2120,2026-04-09 13:20:00,Noon_KSA,4939.78,SAR,Mada,Declined,51
TXN_2121,2026-04-07 07:07:00,Talabat_KWT,4975.67,EGP,Mastercard,Success,00
TXN_2122,2026-04-12 01:22:00,Noon_KSA,4172.68,AED,NAPS,Success,00
TXN_2123,2026-04-06 13:01:00,Meeza_EGY,1223.91,KWD,Visa,Success,00
TXN_2124,2026-04-06 05:27:00,Talabat_KWT,661.71,SAR,KNET,System Error,96
TXN_2125,2026-04-14 08:41:00,Noon_KSA,2368.23,KWD,Meeza,Declined,61
TXN_2126,2026-04-01 03:10:00,Zomato_QAT,2062.34,AED,NAPS,Success,00
TXN_2127,2026-04-08 04:52:00,Noon_KSA,4180.87,QAR,NAPS,Success,00
TXN_2128,2026-04-03 10:50:00,Amazon_UAE,1033.06,KWD,Visa,Success,00
TXN_2129,2026-04-05 17:08:00,Zomato_QAT,2109.85,AED,Mastercard,Success,00
TXN_2130,2026-04-07 09:23:00,Meeza_EGY,3676.83,QAR,Mada,Success,00
TXN_2131,2026-04-13 11:10:00,Zomato_QAT,846.67,EGP,Mastercard,Timeout,91
TXN_2132,2026-04-11 12:45:00,Talabat_KWT,1663.02,QAR,KNET,Success,00
TXN_2133,2026-04-07 01:09:00,Amazon_UAE,110.59,EGP,NAPS,Timeout,91
TXN_2134,2026-04-13 17:06:00,Zomato_QAT,2560.2,QAR,Mastercard,Success,00
TXN_2135,2026-04-12 03:03:00,Noon_KSA,1529.78,QAR,NAPS,Success,00
TXN_2136,2026-04-14 09:10:00,Zomato_QAT,4621.14,KWD,KNET,Declined,54
TXN_2137,2026-04-02 01:20:00,Meeza_EGY,2824.97,AED,KNET,Success,00
TXN_2138,2026-04-01 03:08:00,Zomato_QAT,492.82,EGP,NAPS,Success,00
TXN_2139,2026-04-10 13:37:00,Meeza_EGY,4750.57,EGP,NAPS,Success,00
TXN_2140,2026-04-01 20:34:00,Meeza_EGY,1310.04,AED,NAPS,Success,00
TXN_2141,2026-04-12 04:09:00,Noon_KSA,3476.1,QAR,Visa,Success,00
TXN_2142,2026-04-05 04:24:00,Meeza_EGY,128.16,KWD,Mastercard,Success,00
TXN_2143,2026-04-12 10:29:00,Noon_KSA,1445.94,SAR,KNET,Timeout,91
TXN_2144,2026-04-02 08:52:00,Meeza_EGY,1388.82,SAR,Visa,Success,00
TXN_2145,2026-04-11 16:55:00,Talabat_KWT,1493.34,EGP,Meeza,Success,00
TXN_2146,2026-04-02 01:51:00,Amazon_UAE,57.03,KWD,KNET,Success,00
TXN_2147,2026-04-05 12:36:00,Talabat_KWT,4324.26,SAR,Mastercard,Success,00
TXN_2148,2026-04-02 21:14:00,Noon_KSA,3198.87,KWD,NAPS,Success,00
TXN_2149,2026-04-02 10:25:00,Amazon_UAE,4127.46,KWD,Mada,Success,00
TXN_2150,2026-04-09 04:49:00,Zomato_QAT,3717.0,EGP,NAPS,Success,00
TXN_2151,2026-04-14 07:15:00,Talabat_KWT,3496.54,AED,Mastercard,Success,00
TXN_2152,2026-04-11 22:55:00,Noon_KSA,3620.84,QAR,Mada,Success,00
TXN_2153,2026-04-06 04:05:00,Noon_KSA,4692.88,QAR,Mastercard,Success,00
TXN_2154,2026-04-01 07:45:00,Amazon_UAE,1490.77,SAR,Meeza,Success,00
TXN_2155,2026-04-08 20:58:00,Zomato_QAT,2691.95,AED,KNET,Declined,54
TXN_2156,2026-04-10 14:18:00,Meeza_EGY,856.84,AED,Mastercard,Success,00
TXN_2157,2026-04-05 03:42:00,Amazon_UAE,3339.24,SAR,Mada,Success,00
TXN_2158,2026-04-07 22:52:00,Amazon_UAE,4355.44,QAR,KNET,Success,00
TXN_2159,2026-04-03 16:02:00,Amazon_UAE,4602.22,KWD,Mastercard,Success,00
TXN_2160,2026-04-07 16:48:00,Talabat_KWT,1282.53,KWD,KNET,Success,00
TXN_2161,2026-04-12 05:37:00,Talabat_KWT,3555.07,SAR,NAPS,Success,00
TXN_2162,2026-04-11 11:05:00,Zomato_QAT,3576.86,QAR,Visa,Success,00
TXN_2163,2026-04-06 14:38:00,Meeza_EGY,4775.18,QAR,Mada,Success,00
TXN_2164,2026-04-01 01:27:00,Noon_KSA,2884.06,EGP,Meeza,Success,00
TXN_2165,2026-04-02 03:49:00,Zomato_QAT,2216.49,SAR,Visa,Success,00
TXN_2166,2026-04-14 10:24:00,Noon_KSA,3209.08,QAR,Mastercard,Success,00
TXN_2167,2026-04-10 16:04:00,Zomato_QAT,78.19,QAR,NAPS,Success,00
TXN_2168,2026-04-13 20:10:00,Meeza_EGY,1091.65,SAR,Meeza,Success,00
TXN_2169,2026-04-07 08:15:00,Zomato_QAT,4865.76,KWD,NAPS,Timeout,91
TXN_2170,2026-04-11 04:32:00,Talabat_KWT,3755.76,AED,KNET,Success,00
TXN_2171,2026-04-01 19:52:00,Noon_KSA,59.23,EGP,NAPS,Success,00
TXN_2172,2026-04-14 10:14:00,Meeza_EGY,2719.68,EGP,Mada,Success,00
TXN_2173,2026-04-03 09:17:00,Talabat_KWT,4331.89,KWD,NAPS,Success,00
TXN_2174,2026-04-01 09:53:00,Noon_KSA,2881.17,KWD,NAPS,Success,00
TXN_2175,2026-04-02 02:13:00,Zomato_QAT,916.22,SAR,Mastercard,Success,00
TXN_2176,2026-04-06 17:45:00,Talabat_KWT,1031.85,SAR,NAPS,Success,00
TXN_2177,2026-04-02 15:28:00,Talabat_KWT,4434.04,QAR,Mada,Success,00
TXN_2178,2026-04-04 10:38:00,Zomato_QAT,1454.02,QAR,Mada,Timeout,91
TXN_2179,2026-04-04 21:28:00,Noon_KSA,3603.08,QAR,KNET,Success,00
TXN_2180,2026-04-07 01:50:00,Talabat_KWT,2933.05,AED,KNET,Success,00
TXN_2181,2026-04-10 10:36:00,Meeza_EGY,2005.18,EGP,Mada,Timeout,91
TXN_2182,2026-04-12 22:27:00,Noon_KSA,4328.79,QAR,Mastercard,Success,00
TXN_2183,2026-04-03 22:59:00,Meeza_EGY,3264.29,QAR,Mastercard,Success,00
TXN_2184,2026-04-05 09:21:00,Talabat_KWT,1491.36,SAR,Mastercard,Success,00
TXN_2185,2026-04-12 02:22:00,Meeza_EGY,3554.5,QAR,NAPS,Success,00
TXN_2186,2026-04-04 04:44:00,Amazon_UAE,4385.0,AED,KNET,Success,00
TXN_2187,2026-04-08 20:31:00,Talabat_KWT,3321.95,SAR,KNET,Success,00
TXN_2188,2026-04-04 04:53:00,Noon_KSA,3326.19,SAR,KNET,Success,00
TXN_2189,2026-04-11 18:41:00,Amazon_UAE,2069.56,EGP,KNET,Success,00
TXN_2190,2026-04-05 21:19:00,Meeza_EGY,859.29,QAR,Meeza,Success,00
TXN_2191,2026-04-03 04:35:00,Amazon_UAE,1969.12,KWD,NAPS,Success,00
TXN_2192,2026-04-13 10:44:00,Amazon_UAE,2159.14,AED,NAPS,Success,00
TXN_2193,2026-04-03 23:58:00,Zomato_QAT,1950.93,EGP,Mastercard,Success,00
TXN_2194,2026-04-14 21:16:00,Zomato_QAT,4747.45,AED,Meeza,Declined,51
TXN_2195,2026-04-01 06:21:00,Amazon_UAE,1826.18,EGP,KNET,Timeout,91
TXN_2196,2026-04-11 01:46:00,Zomato_QAT,4463.48,SAR,Mada,Success,00
TXN_2197,2026-04-11 00:07:00,Noon_KSA,4315.65,AED,Visa,Success,00
TXN_2198,2026-04-09 06:19:00,Amazon_UAE,746.34,QAR,Mada,Success,00
TXN_2199,2026-04-02 18:21:00,Amazon_UAE,156.95,EGP,Mastercard,Timeout,91
